-- MySQL dump 10.13  Distrib 5.7.35, for Linux (x86_64)
--
-- Host: localhost    Database: incomr
-- ------------------------------------------------------
-- Server version	5.7.35-0ubuntu0.18.04.2

/*!40101 SET @OLD_CHARACTER_SET_CLIENT=@@CHARACTER_SET_CLIENT */;
/*!40101 SET @OLD_CHARACTER_SET_RESULTS=@@CHARACTER_SET_RESULTS */;
/*!40101 SET @OLD_COLLATION_CONNECTION=@@COLLATION_CONNECTION */;
/*!40101 SET NAMES utf8 */;
/*!40103 SET @OLD_TIME_ZONE=@@TIME_ZONE */;
/*!40103 SET TIME_ZONE='+00:00' */;
/*!40014 SET @OLD_UNIQUE_CHECKS=@@UNIQUE_CHECKS, UNIQUE_CHECKS=0 */;
/*!40014 SET @OLD_FOREIGN_KEY_CHECKS=@@FOREIGN_KEY_CHECKS, FOREIGN_KEY_CHECKS=0 */;
/*!40101 SET @OLD_SQL_MODE=@@SQL_MODE, SQL_MODE='NO_AUTO_VALUE_ON_ZERO' */;
/*!40111 SET @OLD_SQL_NOTES=@@SQL_NOTES, SQL_NOTES=0 */;

--
-- Table structure for table `course_categories`
--

DROP TABLE IF EXISTS `course_categories`;
/*!40101 SET @saved_cs_client     = @@character_set_client */;
/*!40101 SET character_set_client = utf8 */;
CREATE TABLE `course_categories` (
  `id` bigint(20) unsigned NOT NULL AUTO_INCREMENT,
  `course_id` bigint(20) unsigned NOT NULL,
  `title` varchar(255) COLLATE utf8mb4_unicode_ci NOT NULL,
  `description` varchar(255) COLLATE utf8mb4_unicode_ci DEFAULT NULL,
  `image` varchar(255) COLLATE utf8mb4_unicode_ci DEFAULT NULL,
  `created_at` timestamp NULL DEFAULT NULL,
  `updated_at` timestamp NULL DEFAULT NULL,
  PRIMARY KEY (`id`),
  KEY `course_categories_course_id_foreign` (`course_id`),
  CONSTRAINT `course_categories_course_id_foreign` FOREIGN KEY (`course_id`) REFERENCES `courses` (`id`) ON DELETE CASCADE
) ENGINE=InnoDB AUTO_INCREMENT=73 DEFAULT CHARSET=utf8mb4 COLLATE=utf8mb4_unicode_ci;
/*!40101 SET character_set_client = @saved_cs_client */;

--
-- Dumping data for table `course_categories`
--

LOCK TABLES `course_categories` WRITE;
/*!40000 ALTER TABLE `course_categories` DISABLE KEYS */;
INSERT INTO `course_categories` VALUES (7,165,'I модуль. Ақшаға дайындық','Ақшаға дайындық',NULL,'2021-12-09 15:26:32','2021-12-09 15:26:32'),(8,165,'II модуль. Распаковка','Распаковка',NULL,'2021-12-09 15:26:29','2021-12-09 15:26:29'),(9,165,'III модуль. Стратегия','Стратегия',NULL,'2021-12-09 15:26:26','2021-12-09 15:26:26'),(12,165,'IV модуль. Инфопродукт. Клиентпен жұмыс',NULL,NULL,'2021-12-09 15:26:22','2021-12-09 15:26:22'),(14,165,'договор',NULL,NULL,'2021-12-09 15:26:34','2021-12-09 15:26:34'),(15,165,'V модуль. Прогрев',NULL,NULL,'2021-12-09 15:26:18','2021-12-09 15:26:18'),(16,165,'VI модуль. Запуск',NULL,NULL,'2021-12-09 15:26:15','2021-12-09 15:26:15'),(17,165,'VII модуль. Продажа',NULL,NULL,'2021-12-09 15:26:10','2021-12-09 15:26:10'),(18,165,'VIII модуль.Масштаб',NULL,NULL,'2021-12-09 15:26:01','2021-12-09 15:26:01'),(19,166,'VIII модуль. Маркетинг',NULL,NULL,'2021-12-09 15:39:45','2021-12-09 15:39:45'),(20,166,'VII модуль. Логистика',NULL,NULL,'2021-12-09 15:40:13','2021-12-09 15:40:13'),(21,166,'VI модуль. Сату техникалары',NULL,NULL,'2021-12-09 15:40:35','2021-12-09 15:40:35'),(22,166,'V модуль. Клиентпен жұмыс',NULL,NULL,'2021-12-09 15:40:52','2021-12-09 15:40:52'),(23,166,'IV модуль. Тауарға арналған прогрев',NULL,NULL,'2021-12-09 15:41:21','2021-12-09 15:41:21'),(24,166,'III модуль. Анализ',NULL,NULL,'2021-12-09 15:41:39','2021-12-09 15:41:39'),(25,166,'II модуль. Стратегия',NULL,NULL,'2021-12-09 15:42:06','2021-12-09 15:42:06'),(26,166,'I модуль. Ақшаға дайындық',NULL,NULL,'2021-12-09 15:42:33','2021-12-09 15:46:31'),(27,166,'Договор',NULL,NULL,'2021-12-09 15:46:47','2021-12-09 15:46:47'),(28,167,'VIII модуль. Продажа',NULL,NULL,'2021-12-09 16:08:39','2021-12-09 16:08:39'),(29,167,'VII модуль. Қызмет прогреві',NULL,NULL,'2021-12-09 16:09:03','2021-12-09 16:09:03'),(30,168,'VIII модуль. РОП. масштаб',NULL,NULL,'2021-12-10 18:37:14','2021-12-10 18:37:14'),(31,168,'VII модуль. CRM, БВ-пен, базамен жұмыс',NULL,NULL,'2021-12-10 18:38:10','2021-12-10 18:38:10'),(32,168,'VI модуль. Допродажа',NULL,NULL,'2021-12-10 18:38:27','2021-12-10 18:38:27'),(33,168,'V модуль. Возражениемен жұмыс',NULL,NULL,'2021-12-10 18:38:49','2021-12-10 18:38:49'),(34,168,'IV модуль. Перепискамен сату',NULL,NULL,'2021-12-10 18:39:19','2021-12-10 18:39:19'),(35,168,'III  модуль. Звонокпен сату. Скрипт',NULL,NULL,'2021-12-10 18:39:46','2021-12-10 18:39:46'),(36,168,'II  модуль. Клиентпен жұмыс. Сату',NULL,NULL,'2021-12-10 18:40:09','2021-12-10 18:40:09'),(37,168,'I  модуль. Ақшаға дайындық',NULL,NULL,'2021-12-10 18:40:26','2021-12-10 18:40:26'),(38,168,'Договор',NULL,NULL,'2021-12-10 18:40:36','2021-12-10 18:40:36'),(39,167,'VI  модуль. Клиентпен жұмыс',NULL,NULL,'2021-12-10 18:41:58','2021-12-10 18:41:58'),(40,167,'V  модуль. Қызмет упаковкасы',NULL,NULL,'2021-12-10 18:42:17','2021-12-10 18:42:17'),(41,167,'IV  модуль. Распаковка личности',NULL,NULL,'2021-12-10 18:42:44','2021-12-10 18:42:44'),(42,167,'III  модуль. Анализ ЦА',NULL,NULL,'2021-12-10 18:43:04','2021-12-10 18:43:04'),(43,167,'II  модуль. Стратегия',NULL,NULL,'2021-12-10 18:43:19','2021-12-10 18:43:19'),(44,167,'I  модуль. Ақшаға дайындық',NULL,NULL,'2021-12-10 18:43:32','2021-12-10 18:43:32'),(45,167,'Договор',NULL,NULL,'2021-12-10 18:43:39','2021-12-10 18:43:39'),(46,169,'VIII модуль. Клиент табу жолы',NULL,NULL,'2021-12-10 18:45:57','2021-12-10 18:45:57'),(47,169,'VII модуль. Возражениемен жұмыс',NULL,NULL,'2021-12-10 18:46:22','2021-12-10 18:46:22'),(48,169,'VI модуль. Комментарииде сату',NULL,NULL,'2021-12-10 18:48:05','2021-12-10 18:48:05'),(49,169,'V модуль. Direct-те сату техникалары',NULL,NULL,'2021-12-10 18:48:38','2021-12-10 18:48:38'),(50,169,'IV модуль. Direct функциялары',NULL,NULL,'2021-12-10 18:49:02','2021-12-10 18:49:02'),(51,169,'III модуль. Клиент және өнім аватаркасы',NULL,NULL,'2021-12-10 18:49:22','2021-12-10 18:49:22'),(52,169,'II модуль. Эксперт аватаркасы',NULL,NULL,'2021-12-10 18:49:44','2021-12-10 18:49:44'),(53,169,'I  модуль. Ақшаға дайындық',NULL,NULL,'2021-12-10 18:49:54','2021-12-10 18:49:54'),(54,169,'Договор',NULL,NULL,'2021-12-10 18:50:01','2021-12-10 18:50:01'),(55,170,'VIII модуль. Продажа',NULL,NULL,'2021-12-10 18:55:12','2021-12-10 18:55:12'),(56,170,'VII модуль. Қызмет прогреві',NULL,NULL,'2021-12-10 18:55:46','2021-12-10 18:55:46'),(57,170,'VI модуль. Клиентпен жұмыс',NULL,NULL,'2021-12-10 18:56:07','2021-12-10 18:56:07'),(58,170,'V модуль. Распаковка личности. Қызмет упаковкасы',NULL,NULL,'2021-12-10 18:56:33','2021-12-10 18:56:33'),(59,170,'IV модуль. Анализ ЦА',NULL,NULL,'2021-12-10 18:56:54','2021-12-10 18:56:54'),(60,170,'III модуль. Стратегия',NULL,NULL,'2021-12-10 18:57:12','2021-12-10 18:57:12'),(61,170,'II модуль. Прогрев-Контент мастер мамандығын меңгеру',NULL,NULL,'2021-12-10 18:57:46','2021-12-10 18:57:46'),(62,170,'I  модуль. Ақшаға дайындық',NULL,NULL,'2021-12-10 18:57:54','2021-12-10 18:57:54'),(63,170,'Договор',NULL,NULL,'2021-12-10 18:58:01','2021-12-10 18:58:01'),(64,171,'VIII модуль. Продажа',NULL,NULL,'2021-12-10 18:59:57','2021-12-10 18:59:57'),(65,171,'VII модуль. Қызмет прогреві',NULL,NULL,'2021-12-10 19:00:14','2021-12-10 19:00:14'),(66,171,'VI модуль. Клиентпен жұмыс',NULL,NULL,'2021-12-10 19:00:35','2021-12-10 19:00:35'),(67,171,'V модуль. Распаковка личности. Қызмет упаковкасы',NULL,NULL,'2021-12-10 19:00:53','2021-12-10 19:00:53'),(68,171,'IV модуль. Анализ ЦА',NULL,NULL,'2021-12-10 19:01:12','2021-12-10 19:01:12'),(69,171,'III модуль. Стратегия',NULL,NULL,'2021-12-10 19:01:26','2021-12-10 19:01:26'),(70,171,'II модуль. Визуал мастер мамандығын меңгеру',NULL,NULL,'2021-12-10 19:02:06','2021-12-10 19:02:06'),(71,171,'I  модуль. Ақшаға дайындық',NULL,NULL,'2021-12-10 19:02:12','2021-12-10 19:02:12'),(72,171,'Договор',NULL,NULL,'2021-12-10 19:02:18','2021-12-10 19:02:18');
/*!40000 ALTER TABLE `course_categories` ENABLE KEYS */;
UNLOCK TABLES;

--
-- Table structure for table `courses`
--

DROP TABLE IF EXISTS `courses`;
/*!40101 SET @saved_cs_client     = @@character_set_client */;
/*!40101 SET character_set_client = utf8 */;
CREATE TABLE `courses` (
  `id` bigint(20) unsigned NOT NULL AUTO_INCREMENT,
  `title` varchar(255) COLLATE utf8mb4_unicode_ci NOT NULL,
  `author` varchar(255) COLLATE utf8mb4_unicode_ci DEFAULT NULL,
  `price` int(11) NOT NULL,
  `description` text COLLATE utf8mb4_unicode_ci,
  `image` varchar(255) COLLATE utf8mb4_unicode_ci DEFAULT NULL,
  `deadline` timestamp NULL DEFAULT NULL,
  `free` tinyint(4) DEFAULT '0',
  `created_at` timestamp NULL DEFAULT NULL,
  `updated_at` timestamp NULL DEFAULT NULL,
  PRIMARY KEY (`id`)
) ENGINE=InnoDB AUTO_INCREMENT=172 DEFAULT CHARSET=utf8mb4 COLLATE=utf8mb4_unicode_ci;
/*!40101 SET character_set_client = @saved_cs_client */;

--
-- Dumping data for table `courses`
--

LOCK TABLES `courses` WRITE;
/*!40000 ALTER TABLE `courses` DISABLE KEYS */;
INSERT INTO `courses` VALUES (165,'Инфобизнес пакеті','Инфобизнес',849000,'','uploads/1639064155wS9wK.jpg','2021-12-09 15:34:00',0,'2021-12-08 16:11:39','2021-12-09 15:35:55'),(166,'Тауар пакеті','тауар',448999,'','uploads/1639064286NpajL.jpg','2027-12-09 15:56:00',0,'2021-12-09 15:38:06','2021-12-09 15:56:59'),(167,'Қызмет пакеті','Қызмет пакеті',449770,'','uploads/1639065982af5og.jpg',NULL,0,'2021-12-09 16:06:22','2021-12-09 16:06:22'),(168,'INCON ниша пакеті. Сату маманы','INCON ниша',349770,'','uploads/1639161353OgBe8.jpg',NULL,0,'2021-12-10 18:35:53','2021-12-10 18:35:53'),(169,'INCON ниша пакеті. Дайректолог','INCON ниша',349770,'','uploads/1639161914tNui3.jpg',NULL,0,'2021-12-10 18:45:14','2021-12-10 18:45:14'),(170,'INCON ниша пакеті. Прогрев-Контент мастер','INCON ниша',349770,'','uploads/1639162485PDEId.jpg',NULL,0,'2021-12-10 18:54:45','2021-12-10 18:54:45'),(171,'INCON ниша пакеті. Визуал  мастер','INCON ниша',349769,'','uploads/1639162779TOq0L.jpg',NULL,0,'2021-12-10 18:59:39','2021-12-10 18:59:39');
/*!40000 ALTER TABLE `courses` ENABLE KEYS */;
UNLOCK TABLES;

--
-- Table structure for table `generator_device_id`
--

DROP TABLE IF EXISTS `generator_device_id`;
/*!40101 SET @saved_cs_client     = @@character_set_client */;
/*!40101 SET character_set_client = utf8 */;
CREATE TABLE `generator_device_id` (
  `id` bigint(20) unsigned NOT NULL AUTO_INCREMENT,
  `created_at` timestamp NULL DEFAULT NULL,
  `updated_at` timestamp NULL DEFAULT NULL,
  PRIMARY KEY (`id`)
) ENGINE=InnoDB AUTO_INCREMENT=46 DEFAULT CHARSET=utf8mb4;
/*!40101 SET character_set_client = @saved_cs_client */;

--
-- Dumping data for table `generator_device_id`
--

LOCK TABLES `generator_device_id` WRITE;
/*!40000 ALTER TABLE `generator_device_id` DISABLE KEYS */;
INSERT INTO `generator_device_id` VALUES (1,'2021-10-01 13:01:55','2021-10-01 13:01:55'),(2,'2021-10-02 09:45:15','2021-10-02 09:45:15'),(3,'2021-10-04 05:38:45','2021-10-04 05:38:45'),(4,'2021-10-27 13:17:47','2021-10-27 13:17:47'),(5,'2021-10-28 14:59:27','2021-10-28 14:59:27'),(6,'2021-11-03 05:29:41','2021-11-03 05:29:41'),(7,'2021-11-03 06:52:28','2021-11-03 06:52:28'),(8,'2021-11-04 06:42:35','2021-11-04 06:42:35'),(9,'2021-11-09 00:34:08','2021-11-09 00:34:08'),(10,'2021-11-09 06:50:16','2021-11-09 06:50:16'),(11,'2021-11-09 08:04:22','2021-11-09 08:04:22'),(12,'2021-11-09 08:54:38','2021-11-09 08:54:38'),(13,'2021-11-09 20:35:41','2021-11-09 20:35:41'),(14,'2021-11-20 09:11:56','2021-11-20 09:11:56'),(15,'2021-11-20 11:06:45','2021-11-20 11:06:45'),(16,'2021-11-20 11:34:40','2021-11-20 11:34:40'),(17,'2021-11-22 06:04:36','2021-11-22 06:04:36'),(18,'2021-11-22 10:57:01','2021-11-22 10:57:01'),(19,'2021-11-23 12:39:27','2021-11-23 12:39:27'),(20,'2021-11-24 14:53:46','2021-11-24 14:53:46'),(21,'2021-11-25 09:21:43','2021-11-25 09:21:43'),(22,'2021-11-25 13:05:04','2021-11-25 13:05:04'),(23,'2021-11-25 13:17:35','2021-11-25 13:17:35'),(24,'2021-11-26 14:20:49','2021-11-26 14:20:49'),(25,'2021-11-26 14:39:57','2021-11-26 14:39:57'),(26,'2021-11-26 14:59:30','2021-11-26 14:59:30'),(27,'2021-11-28 14:05:04','2021-11-28 14:05:04'),(28,'2021-11-29 03:54:05','2021-11-29 03:54:05'),(29,'2021-11-29 06:18:50','2021-11-29 06:18:50'),(30,'2021-11-29 06:45:17','2021-11-29 06:45:17'),(31,'2021-11-29 07:10:09','2021-11-29 07:10:09'),(32,'2021-11-29 08:11:52','2021-11-29 08:11:52'),(33,'2021-11-29 11:27:44','2021-11-29 11:27:44'),(34,'2021-11-29 19:25:28','2021-11-29 19:25:28'),(35,'2021-11-30 10:51:16','2021-11-30 10:51:16'),(36,'2021-11-30 16:57:55','2021-11-30 16:57:55'),(37,'2021-12-02 11:54:11','2021-12-02 11:54:11'),(38,'2021-12-03 11:02:36','2021-12-03 11:02:36'),(39,'2021-12-05 04:09:22','2021-12-05 04:09:22'),(40,'2021-12-05 13:28:00','2021-12-05 13:28:00'),(41,'2021-12-07 10:38:41','2021-12-07 10:38:41'),(42,'2021-12-07 18:08:37','2021-12-07 18:08:37'),(43,'2021-12-09 07:48:31','2021-12-09 07:48:31'),(44,'2021-12-10 11:06:20','2021-12-10 11:06:20'),(45,'2021-12-10 19:10:56','2021-12-10 19:10:56');
/*!40000 ALTER TABLE `generator_device_id` ENABLE KEYS */;
UNLOCK TABLES;

--
-- Table structure for table `lesson_pdf`
--

DROP TABLE IF EXISTS `lesson_pdf`;
/*!40101 SET @saved_cs_client     = @@character_set_client */;
/*!40101 SET character_set_client = utf8 */;
CREATE TABLE `lesson_pdf` (
  `id` bigint(20) unsigned NOT NULL AUTO_INCREMENT,
  `lesson_id` bigint(20) unsigned NOT NULL DEFAULT '0',
  `path` varchar(255) DEFAULT NULL,
  `created_at` timestamp NULL DEFAULT NULL,
  `updated_at` timestamp NULL DEFAULT NULL,
  PRIMARY KEY (`id`)
) ENGINE=InnoDB AUTO_INCREMENT=592 DEFAULT CHARSET=latin1;
/*!40101 SET character_set_client = @saved_cs_client */;

--
-- Dumping data for table `lesson_pdf`
--

LOCK TABLES `lesson_pdf` WRITE;
/*!40000 ALTER TABLE `lesson_pdf` DISABLE KEYS */;
INSERT INTO `lesson_pdf` VALUES (1,101,'uploads/1608273782Kz2GJ.pdf','2020-12-18 06:43:02','2020-12-18 06:43:02'),(2,101,'uploads/1608273782rdeYA.pdf','2020-12-18 06:43:02','2020-12-18 06:43:02'),(3,101,'uploads/1608273782IDpmL.pdf','2020-12-18 06:43:02','2020-12-18 06:43:02'),(4,101,'uploads/1608273782vxc0e.pdf','2020-12-18 06:43:02','2020-12-18 06:43:02'),(5,101,'uploads/1608273782g1d8J.pdf','2020-12-18 06:43:02','2020-12-18 06:43:02'),(6,101,'uploads/1608273782S4Hd8.pdf','2020-12-18 06:43:02','2020-12-18 06:43:02'),(7,101,'uploads/1608273782FyAmx.pdf','2020-12-18 06:43:02','2020-12-18 06:43:02'),(8,101,'uploads/16082737824QSH9.pdf','2020-12-18 06:43:02','2020-12-18 06:43:02'),(9,101,'uploads/1608273947Etvi3.pdf','2020-12-18 06:45:47','2020-12-18 06:45:47'),(10,101,'uploads/1608273948tdUrg.pdf','2020-12-18 06:45:48','2020-12-18 06:45:48'),(11,101,'uploads/16082739485A0Oc.pdf','2020-12-18 06:45:48','2020-12-18 06:45:48'),(12,101,'uploads/1608273948iNQ2H.pdf','2020-12-18 06:45:48','2020-12-18 06:45:48'),(13,102,'uploads/1608284539aiQbl.pdf','2020-12-18 09:42:19','2020-12-18 09:42:19'),(14,102,'uploads/1608284539NVHPj.pdf','2020-12-18 09:42:19','2020-12-18 09:42:19'),(15,103,'uploads/1608451374P4FC1.pdf','2020-12-20 08:02:54','2020-12-20 08:02:54'),(16,74,'uploads/1611298217oGdWT.pdf','2021-01-22 06:50:17','2021-01-22 06:50:17'),(17,74,'uploads/1611298217NcmwC.pdf','2021-01-22 06:50:17','2021-01-22 06:50:17'),(22,142,'uploads/16122750955x37s.pdf','2021-02-02 14:11:35','2021-02-02 14:11:35'),(25,141,'uploads/1612279749XSWxh.pdf','2021-02-02 15:29:09','2021-02-02 15:29:09'),(26,141,'uploads/1612279749hqqPD.pdf','2021-02-02 15:29:09','2021-02-02 15:29:09'),(27,141,'uploads/1612279749TsVwm.pdf','2021-02-02 15:29:09','2021-02-02 15:29:09'),(28,147,'uploads/1612326611ZVIFe.pdf','2021-02-03 04:30:11','2021-02-03 04:30:11'),(29,147,'uploads/1612326611Id1ot.pdf','2021-02-03 04:30:11','2021-02-03 04:30:11'),(30,147,'uploads/1612326611BJS0h.pdf','2021-02-03 04:30:11','2021-02-03 04:30:11'),(31,147,'uploads/1612326612eDGlF.pdf','2021-02-03 04:30:12','2021-02-03 04:30:12'),(32,148,'uploads/1612326789g41Jp.pdf','2021-02-03 04:33:09','2021-02-03 04:33:09'),(33,148,'uploads/1612326789oqW5e.pdf','2021-02-03 04:33:09','2021-02-03 04:33:09'),(34,148,'uploads/1612326789BcF4B.pdf','2021-02-03 04:33:09','2021-02-03 04:33:09'),(35,150,'uploads/1612326918hkdDI.pdf','2021-02-03 04:35:18','2021-02-03 04:35:18'),(36,150,'uploads/1612326918N0umP.pdf','2021-02-03 04:35:18','2021-02-03 04:35:18'),(37,150,'uploads/1612326918qOfsT.pdf','2021-02-03 04:35:18','2021-02-03 04:35:18'),(38,150,'uploads/16123269189vdN9.pdf','2021-02-03 04:35:18','2021-02-03 04:35:18'),(39,150,'uploads/16123269187KMDV.pdf','2021-02-03 04:35:18','2021-02-03 04:35:18'),(40,150,'uploads/16123269185XdBj.pdf','2021-02-03 04:35:18','2021-02-03 04:35:18'),(41,150,'uploads/1612326918n4KEz.pdf','2021-02-03 04:35:18','2021-02-03 04:35:18'),(42,151,'uploads/1612326944ZUtl6.pdf','2021-02-03 04:35:44','2021-02-03 04:35:44'),(43,151,'uploads/1612326944e1yPZ.pdf','2021-02-03 04:35:44','2021-02-03 04:35:44'),(44,152,'uploads/1612326969ukvUp.pdf','2021-02-03 04:36:09','2021-02-03 04:36:09'),(45,143,'uploads/1612334015xyI8y.pdf','2021-02-03 06:33:35','2021-02-03 06:33:35'),(46,143,'uploads/1612334015ygnxy.pdf','2021-02-03 06:33:35','2021-02-03 06:33:35'),(47,143,'uploads/1612334015tD4pl.pdf','2021-02-03 06:33:35','2021-02-03 06:33:35'),(48,143,'uploads/1612334015mnoaS.pdf','2021-02-03 06:33:35','2021-02-03 06:33:35'),(49,144,'uploads/1612334247OZMLO.pdf','2021-02-03 06:37:27','2021-02-03 06:37:27'),(50,144,'uploads/1612334248yJitj.pdf','2021-02-03 06:37:28','2021-02-03 06:37:28'),(51,144,'uploads/1612334249GErVO.pdf','2021-02-03 06:37:29','2021-02-03 06:37:29'),(54,145,'uploads/1612334310aGI7Y.pdf','2021-02-03 06:38:30','2021-02-03 06:38:30'),(55,145,'uploads/1612334310jT1yI.pdf','2021-02-03 06:38:30','2021-02-03 06:38:30'),(56,146,'uploads/1612334371Odnzl.pdf','2021-02-03 06:39:31','2021-02-03 06:39:31'),(59,168,'uploads/1612350232TV87j.pdf','2021-02-03 11:03:52','2021-02-03 11:03:52'),(60,169,'uploads/1612350301sd0wF.pdf','2021-02-03 11:05:01','2021-02-03 11:05:01'),(61,170,'uploads/1612350386SBrZe.pdf','2021-02-03 11:06:26','2021-02-03 11:06:26'),(62,171,'uploads/1612351156jEUqx.pdf','2021-02-03 11:19:16','2021-02-03 11:19:16'),(63,172,'uploads/1612409197lUPRz.pdf','2021-02-04 03:26:37','2021-02-04 03:26:37'),(64,172,'uploads/16124091976wyY5.pdf','2021-02-04 03:26:37','2021-02-04 03:26:37'),(65,172,'uploads/1612409197GXZ6l.pdf','2021-02-04 03:26:37','2021-02-04 03:26:37'),(66,173,'uploads/1612410427OxaeH.pdf','2021-02-04 03:47:07','2021-02-04 03:47:07'),(67,173,'uploads/1612410427Rv4nd.pdf','2021-02-04 03:47:07','2021-02-04 03:47:07'),(68,173,'uploads/1612410427cRyjw.pdf','2021-02-04 03:47:07','2021-02-04 03:47:07'),(69,174,'uploads/1612411085AtKG1.pdf','2021-02-04 03:58:05','2021-02-04 03:58:05'),(70,174,'uploads/1612411085C8qsW.pdf','2021-02-04 03:58:05','2021-02-04 03:58:05'),(71,174,'uploads/1612411085j1G6q.pdf','2021-02-04 03:58:05','2021-02-04 03:58:05'),(72,175,'uploads/1612411349QTHiG.pdf','2021-02-04 04:02:29','2021-02-04 04:02:29'),(73,175,'uploads/1612411350csOEt.pdf','2021-02-04 04:02:30','2021-02-04 04:02:30'),(74,175,'uploads/1612411350QPdST.pdf','2021-02-04 04:02:30','2021-02-04 04:02:30'),(75,175,'uploads/1612411350EUBYi.pdf','2021-02-04 04:02:30','2021-02-04 04:02:30'),(76,175,'uploads/1612411351qhyGC.pdf','2021-02-04 04:02:31','2021-02-04 04:02:31'),(77,176,'uploads/1612411651RXtWm.pdf','2021-02-04 04:07:31','2021-02-04 04:07:31'),(78,177,'uploads/1612412101ttvlC.pdf','2021-02-04 04:15:01','2021-02-04 04:15:01'),(79,177,'uploads/1612412101418zr.pdf','2021-02-04 04:15:01','2021-02-04 04:15:01'),(80,177,'uploads/1612412101D85TF.pdf','2021-02-04 04:15:01','2021-02-04 04:15:01'),(81,178,'uploads/1612412250Qikpm.pdf','2021-02-04 04:17:30','2021-02-04 04:17:30'),(82,180,'uploads/1612412720nTPe5.pdf','2021-02-04 04:25:20','2021-02-04 04:25:20'),(83,181,'uploads/1612413210daT0z.pdf','2021-02-04 04:33:30','2021-02-04 04:33:30'),(84,181,'uploads/1612413210dq6qC.pdf','2021-02-04 04:33:30','2021-02-04 04:33:30'),(85,182,'uploads/16124134128NjP2.pdf','2021-02-04 04:36:52','2021-02-04 04:36:52'),(86,167,'uploads/1612886651ZiBt3.pdf','2021-02-09 16:04:11','2021-02-09 16:04:11'),(99,183,'uploads/1614099284xCwRM.pdf','2021-02-23 16:54:44','2021-02-23 16:54:44'),(100,183,'uploads/1614099285vmpyJ.pdf','2021-02-23 16:54:45','2021-02-23 16:54:45'),(101,183,'uploads/1614099285gWsoL.pdf','2021-02-23 16:54:45','2021-02-23 16:54:45'),(102,183,'uploads/1614099285Luhu6.pdf','2021-02-23 16:54:45','2021-02-23 16:54:45'),(103,183,'uploads/16140992852qLAQ.pdf','2021-02-23 16:54:45','2021-02-23 16:54:45'),(104,183,'uploads/1614099285siG9p.pdf','2021-02-23 16:54:45','2021-02-23 16:54:45'),(105,183,'uploads/1614099286jYw16.pdf','2021-02-23 16:54:46','2021-02-23 16:54:46'),(106,183,'uploads/1614099286BRGTY.pdf','2021-02-23 16:54:46','2021-02-23 16:54:46'),(107,183,'uploads/1614099286aE3Ai.pdf','2021-02-23 16:54:46','2021-02-23 16:54:46'),(108,183,'uploads/1614099286PlpbO.pdf','2021-02-23 16:54:46','2021-02-23 16:54:46'),(109,183,'uploads/1614099286OqKn4.pdf','2021-02-23 16:54:46','2021-02-23 16:54:46'),(110,183,'uploads/1614099286QGR3O.pdf','2021-02-23 16:54:46','2021-02-23 16:54:46'),(114,196,'uploads/1614529778L4Bku.pdf','2021-02-28 16:29:38','2021-02-28 16:29:38'),(115,196,'uploads/1614529778I1A55.pdf','2021-02-28 16:29:38','2021-02-28 16:29:38'),(116,196,'uploads/1614529778f9evR.pdf','2021-02-28 16:29:38','2021-02-28 16:29:38'),(117,197,'uploads/1614529887kiUUP.pdf','2021-02-28 16:31:27','2021-02-28 16:31:27'),(118,198,'uploads/1614530003dN7Uc.pdf','2021-02-28 16:33:23','2021-02-28 16:33:23'),(119,198,'uploads/1614530003pMVXz.pdf','2021-02-28 16:33:23','2021-02-28 16:33:23'),(120,198,'uploads/1614530003W4O8a.pdf','2021-02-28 16:33:23','2021-02-28 16:33:23'),(121,198,'uploads/1614530003gEnCm.pdf','2021-02-28 16:33:23','2021-02-28 16:33:23'),(122,199,'uploads/1614530045lU7S3.pdf','2021-02-28 16:34:05','2021-02-28 16:34:05'),(123,199,'uploads/1614530045amBtM.pdf','2021-02-28 16:34:05','2021-02-28 16:34:05'),(124,199,'uploads/1614530045GKLMq.pdf','2021-02-28 16:34:05','2021-02-28 16:34:05'),(125,200,'uploads/1614530129obIFz.pdf','2021-02-28 16:35:29','2021-02-28 16:35:29'),(126,200,'uploads/1614530129SokHC.pdf','2021-02-28 16:35:29','2021-02-28 16:35:29'),(127,201,'uploads/1614530203g6qyT.pdf','2021-02-28 16:36:43','2021-02-28 16:36:43'),(128,202,'uploads/1614530276RSFCj.pdf','2021-02-28 16:37:56','2021-02-28 16:37:56'),(129,202,'uploads/1614530276fakvO.pdf','2021-02-28 16:37:56','2021-02-28 16:37:56'),(130,202,'uploads/1614530276N36bA.pdf','2021-02-28 16:37:56','2021-02-28 16:37:56'),(131,202,'uploads/1614530276L10Wm.pdf','2021-02-28 16:37:56','2021-02-28 16:37:56'),(132,203,'uploads/1614530371CTkId.pdf','2021-02-28 16:39:31','2021-02-28 16:39:31'),(133,203,'uploads/1614530371y5SzA.pdf','2021-02-28 16:39:31','2021-02-28 16:39:31'),(134,203,'uploads/1614530371NEuwN.pdf','2021-02-28 16:39:31','2021-02-28 16:39:31'),(138,204,'uploads/1614530474s9prv.pdf','2021-02-28 16:41:14','2021-02-28 16:41:14'),(139,204,'uploads/1614530474qsRU1.pdf','2021-02-28 16:41:14','2021-02-28 16:41:14'),(140,204,'uploads/1614530474ObQcm.pdf','2021-02-28 16:41:14','2021-02-28 16:41:14'),(141,204,'uploads/1614530474Ufszc.pdf','2021-02-28 16:41:14','2021-02-28 16:41:14'),(142,204,'uploads/1614530474f23Fv.pdf','2021-02-28 16:41:14','2021-02-28 16:41:14'),(143,204,'uploads/1614530474JEeCZ.pdf','2021-02-28 16:41:14','2021-02-28 16:41:14'),(144,204,'uploads/16145304747enA4.pdf','2021-02-28 16:41:14','2021-02-28 16:41:14'),(145,205,'uploads/16145306089YVYS.pdf','2021-02-28 16:43:28','2021-02-28 16:43:28'),(146,205,'uploads/16145306080ddfG.pdf','2021-02-28 16:43:28','2021-02-28 16:43:28'),(147,206,'uploads/1614530678PtO14.pdf','2021-02-28 16:44:38','2021-02-28 16:44:38'),(148,208,'uploads/16145312378inml.pdf','2021-02-28 16:53:57','2021-02-28 16:53:57'),(149,209,'uploads/16145313556DQE6.pdf','2021-02-28 16:55:55','2021-02-28 16:55:55'),(150,210,'uploads/1614531483562pC.pdf','2021-02-28 16:58:03','2021-02-28 16:58:03'),(151,211,'uploads/1614531539ciQKQ.pdf','2021-02-28 16:58:59','2021-02-28 16:58:59'),(152,212,'uploads/1614531581HquKU.pdf','2021-02-28 16:59:41','2021-02-28 16:59:41'),(153,213,'uploads/1614531638rWFz5.pdf','2021-02-28 17:00:38','2021-02-28 17:00:38'),(154,213,'uploads/161453163832jgQ.pdf','2021-02-28 17:00:38','2021-02-28 17:00:38'),(155,213,'uploads/16145316381zKRy.pdf','2021-02-28 17:00:38','2021-02-28 17:00:38'),(156,214,'uploads/1614531715Z9M9x.pdf','2021-02-28 17:01:55','2021-02-28 17:01:55'),(157,214,'uploads/1614531716XdLL4.pdf','2021-02-28 17:01:56','2021-02-28 17:01:56'),(158,214,'uploads/1614531717WBqrl.pdf','2021-02-28 17:01:57','2021-02-28 17:01:57'),(159,215,'uploads/1614531825EFsiU.pdf','2021-02-28 17:03:45','2021-02-28 17:03:45'),(160,215,'uploads/16145318267oPV4.pdf','2021-02-28 17:03:46','2021-02-28 17:03:46'),(161,215,'uploads/1614531827gWbhL.pdf','2021-02-28 17:03:47','2021-02-28 17:03:47'),(162,216,'uploads/1614531881S4CkN.pdf','2021-02-28 17:04:41','2021-02-28 17:04:41'),(163,216,'uploads/1614531881ikBbT.pdf','2021-02-28 17:04:41','2021-02-28 17:04:41'),(164,216,'uploads/1614531881arEa4.pdf','2021-02-28 17:04:41','2021-02-28 17:04:41'),(165,216,'uploads/1614531881KpF8f.pdf','2021-02-28 17:04:41','2021-02-28 17:04:41'),(166,216,'uploads/1614531881CutLQ.pdf','2021-02-28 17:04:41','2021-02-28 17:04:41'),(167,217,'uploads/1614531919mDqoI.pdf','2021-02-28 17:05:19','2021-02-28 17:05:19'),(168,218,'uploads/1614531990qFO6A.pdf','2021-02-28 17:06:30','2021-02-28 17:06:30'),(169,218,'uploads/1614531990lwZHc.pdf','2021-02-28 17:06:30','2021-02-28 17:06:30'),(170,218,'uploads/1614531990KSys9.pdf','2021-02-28 17:06:30','2021-02-28 17:06:30'),(171,219,'uploads/16145320463IcmB.pdf','2021-02-28 17:07:26','2021-02-28 17:07:26'),(172,221,'uploads/1614532164QPWzD.pdf','2021-02-28 17:09:24','2021-02-28 17:09:24'),(173,222,'uploads/1614532198D8Ls9.pdf','2021-02-28 17:09:58','2021-02-28 17:09:58'),(174,222,'uploads/1614532198rNK4r.pdf','2021-02-28 17:09:58','2021-02-28 17:09:58'),(175,223,'uploads/1614532230ACCte.pdf','2021-02-28 17:10:30','2021-02-28 17:10:30'),(176,253,'uploads/1615060796Wsrgm.pdf','2021-03-06 19:59:56','2021-03-06 19:59:56'),(177,253,'uploads/1615060796RxHM7.pdf','2021-03-06 19:59:56','2021-03-06 19:59:56'),(178,253,'uploads/16150607963DxLc.pdf','2021-03-06 19:59:56','2021-03-06 19:59:56'),(179,254,'uploads/1615060836QpEGM.pdf','2021-03-06 20:00:36','2021-03-06 20:00:36'),(180,255,'uploads/1615060875zMkja.pdf','2021-03-06 20:01:15','2021-03-06 20:01:15'),(181,255,'uploads/1615060875TF4NB.pdf','2021-03-06 20:01:15','2021-03-06 20:01:15'),(182,255,'uploads/1615060875bFVbU.pdf','2021-03-06 20:01:15','2021-03-06 20:01:15'),(183,255,'uploads/1615060875bM8nn.pdf','2021-03-06 20:01:15','2021-03-06 20:01:15'),(184,256,'uploads/1615060904U52wJ.pdf','2021-03-06 20:01:44','2021-03-06 20:01:44'),(185,256,'uploads/1615060904FjHK1.pdf','2021-03-06 20:01:44','2021-03-06 20:01:44'),(186,256,'uploads/1615060905t0fjI.pdf','2021-03-06 20:01:45','2021-03-06 20:01:45'),(187,257,'uploads/1615060933wC49L.pdf','2021-03-06 20:02:13','2021-03-06 20:02:13'),(188,257,'uploads/1615060934UboKX.pdf','2021-03-06 20:02:14','2021-03-06 20:02:14'),(189,258,'uploads/1615060962RrNGa.pdf','2021-03-06 20:02:42','2021-03-06 20:02:42'),(190,259,'uploads/1615061010710Kl.pdf','2021-03-06 20:03:30','2021-03-06 20:03:30'),(191,259,'uploads/1615061010uvj0U.pdf','2021-03-06 20:03:30','2021-03-06 20:03:30'),(192,259,'uploads/1615061010WJvlo.pdf','2021-03-06 20:03:30','2021-03-06 20:03:30'),(193,259,'uploads/1615061010CXlud.pdf','2021-03-06 20:03:30','2021-03-06 20:03:30'),(194,260,'uploads/1615061074TxQzd.pdf','2021-03-06 20:04:34','2021-03-06 20:04:34'),(195,260,'uploads/1615061074KSxML.pdf','2021-03-06 20:04:34','2021-03-06 20:04:34'),(196,260,'uploads/1615061074kfaDS.pdf','2021-03-06 20:04:34','2021-03-06 20:04:34'),(197,261,'uploads/1615061118gHwEK.pdf','2021-03-06 20:05:18','2021-03-06 20:05:18'),(198,261,'uploads/1615061118MliA2.pdf','2021-03-06 20:05:18','2021-03-06 20:05:18'),(199,261,'uploads/1615061119IChGp.pdf','2021-03-06 20:05:19','2021-03-06 20:05:19'),(200,261,'uploads/1615061119w7mxl.pdf','2021-03-06 20:05:19','2021-03-06 20:05:19'),(201,261,'uploads/1615061119vCtdX.pdf','2021-03-06 20:05:19','2021-03-06 20:05:19'),(202,261,'uploads/1615061119ZGelt.pdf','2021-03-06 20:05:19','2021-03-06 20:05:19'),(203,261,'uploads/1615061119P8PzM.pdf','2021-03-06 20:05:19','2021-03-06 20:05:19'),(204,262,'uploads/1615061147g4YUk.pdf','2021-03-06 20:05:47','2021-03-06 20:05:47'),(205,262,'uploads/16150611479fAPb.pdf','2021-03-06 20:05:47','2021-03-06 20:05:47'),(206,263,'uploads/1615061171OsOyc.pdf','2021-03-06 20:06:11','2021-03-06 20:06:11'),(207,265,'uploads/1615644757agLPt.pdf','2021-03-13 14:12:37','2021-03-13 14:12:37'),(208,265,'uploads/1615644757JyUrs.pdf','2021-03-13 14:12:37','2021-03-13 14:12:37'),(209,265,'uploads/1615644758EzYrK.pdf','2021-03-13 14:12:38','2021-03-13 14:12:38'),(210,265,'uploads/1615644758Kla67.pdf','2021-03-13 14:12:38','2021-03-13 14:12:38'),(211,265,'uploads/1615644758PXCRu.pdf','2021-03-13 14:12:38','2021-03-13 14:12:38'),(212,265,'uploads/1615644758awIMZ.pdf','2021-03-13 14:12:38','2021-03-13 14:12:38'),(213,265,'uploads/1615644758gihRl.pdf','2021-03-13 14:12:38','2021-03-13 14:12:38'),(214,265,'uploads/1615644758xgJ1p.pdf','2021-03-13 14:12:38','2021-03-13 14:12:38'),(215,265,'uploads/1615644758QFERv.pdf','2021-03-13 14:12:38','2021-03-13 14:12:38'),(216,265,'uploads/16156447582ndTa.pdf','2021-03-13 14:12:38','2021-03-13 14:12:38'),(217,265,'uploads/1615644758dxJ3v.pdf','2021-03-13 14:12:38','2021-03-13 14:12:38'),(218,265,'uploads/1615644758Obxcq.pdf','2021-03-13 14:12:38','2021-03-13 14:12:38'),(219,278,'uploads/16179688628BBZE.pdf','2021-04-09 11:47:42','2021-04-09 11:47:42'),(220,278,'uploads/1617968862C1T0N.pdf','2021-04-09 11:47:42','2021-04-09 11:47:42'),(221,278,'uploads/1617968862j27FZ.pdf','2021-04-09 11:47:42','2021-04-09 11:47:42'),(222,279,'uploads/1618211306k8dQI.pdf','2021-04-12 07:08:26','2021-04-12 07:08:26'),(223,279,'uploads/1618211306mRa3U.pdf','2021-04-12 07:08:26','2021-04-12 07:08:26'),(224,279,'uploads/1618211306YXdPi.pdf','2021-04-12 07:08:26','2021-04-12 07:08:26'),(226,281,'uploads/1618464925oi4aS.pdf','2021-04-15 05:35:25','2021-04-15 05:35:25'),(227,281,'uploads/16184649259Vhew.pdf','2021-04-15 05:35:25','2021-04-15 05:35:25'),(228,282,'uploads/1618543806yCPDo.pdf','2021-04-16 03:30:06','2021-04-16 03:30:06'),(229,283,'uploads/1618734711QxtQV.pdf','2021-04-18 08:31:51','2021-04-18 08:31:51'),(230,283,'uploads/1618734711Y6iww.pdf','2021-04-18 08:31:51','2021-04-18 08:31:51'),(231,283,'uploads/16187347113h3UX.pdf','2021-04-18 08:31:51','2021-04-18 08:31:51'),(232,284,'uploads/1619499537ZSwGX.pdf','2021-04-27 04:58:57','2021-04-27 04:58:57'),(233,284,'uploads/16194995376Zfpk.pdf','2021-04-27 04:58:57','2021-04-27 04:58:57'),(234,284,'uploads/1619499537avdFn.pdf','2021-04-27 04:58:57','2021-04-27 04:58:57'),(235,293,'uploads/1622346853SpW34.pdf','2021-05-30 03:54:13','2021-05-30 03:54:13'),(236,293,'uploads/1622346853QpzpX.pdf','2021-05-30 03:54:13','2021-05-30 03:54:13'),(237,293,'uploads/1622346853SUAaJ.pdf','2021-05-30 03:54:13','2021-05-30 03:54:13'),(238,286,'uploads/1622460978xyFRv.pdf','2021-05-31 11:36:18','2021-05-31 11:36:18'),(239,287,'uploads/1622460994iUDIq.pdf','2021-05-31 11:36:34','2021-05-31 11:36:34'),(240,288,'uploads/1622461035mCDos.pdf','2021-05-31 11:37:15','2021-05-31 11:37:15'),(241,288,'uploads/16224610356HVrL.pdf','2021-05-31 11:37:15','2021-05-31 11:37:15'),(242,288,'uploads/16224610356bM4M.pdf','2021-05-31 11:37:15','2021-05-31 11:37:15'),(243,289,'uploads/1622461100OCd6R.pdf','2021-05-31 11:38:20','2021-05-31 11:38:20'),(244,290,'uploads/1622461123RCWLu.pdf','2021-05-31 11:38:43','2021-05-31 11:38:43'),(245,290,'uploads/1622461123Q0Oe8.pdf','2021-05-31 11:38:43','2021-05-31 11:38:43'),(246,291,'uploads/1622461396Tbw2a.pdf','2021-05-31 11:43:16','2021-05-31 11:43:16'),(247,291,'uploads/1622461397pkNoE.pdf','2021-05-31 11:43:17','2021-05-31 11:43:17'),(248,291,'uploads/1622461397sTHa7.pdf','2021-05-31 11:43:17','2021-05-31 11:43:17'),(249,291,'uploads/1622461397ezH26.pdf','2021-05-31 11:43:17','2021-05-31 11:43:17'),(250,291,'uploads/1622461397taKYk.pdf','2021-05-31 11:43:17','2021-05-31 11:43:17'),(251,291,'uploads/1622461397ajKky.pdf','2021-05-31 11:43:17','2021-05-31 11:43:17'),(252,292,'uploads/1622461791yBPHJ.pdf','2021-05-31 11:49:51','2021-05-31 11:49:51'),(253,292,'uploads/1622461791OEFdO.pdf','2021-05-31 11:49:51','2021-05-31 11:49:51'),(254,292,'uploads/1622461791A95Nb.pdf','2021-05-31 11:49:51','2021-05-31 11:49:51'),(255,292,'uploads/1622461791oYYqa.pdf','2021-05-31 11:49:51','2021-05-31 11:49:51'),(256,292,'uploads/1622461791iQCc3.pdf','2021-05-31 11:49:51','2021-05-31 11:49:51'),(257,292,'uploads/1622461791mM1XA.pdf','2021-05-31 11:49:51','2021-05-31 11:49:51'),(258,292,'uploads/1622461791OPjOH.pdf','2021-05-31 11:49:51','2021-05-31 11:49:51'),(259,292,'uploads/16224617912uhJ0.pdf','2021-05-31 11:49:51','2021-05-31 11:49:51'),(260,292,'uploads/1622461791Cc3XR.pdf','2021-05-31 11:49:51','2021-05-31 11:49:51'),(261,292,'uploads/1622461791vDmLf.pdf','2021-05-31 11:49:51','2021-05-31 11:49:51'),(262,292,'uploads/1622461791vLD74.pdf','2021-05-31 11:49:51','2021-05-31 11:49:51'),(263,292,'uploads/1622461791bM6x8.pdf','2021-05-31 11:49:51','2021-05-31 11:49:51'),(264,292,'uploads/1622461791I2zZu.pdf','2021-05-31 11:49:51','2021-05-31 11:49:51'),(265,292,'uploads/1622461791moba1.pdf','2021-05-31 11:49:51','2021-05-31 11:49:51'),(266,292,'uploads/1622461791yFzva.pdf','2021-05-31 11:49:51','2021-05-31 11:49:51'),(267,292,'uploads/1622461791Lhf2q.pdf','2021-05-31 11:49:51','2021-05-31 11:49:51'),(268,292,'uploads/1622461791KRj8e.pdf','2021-05-31 11:49:51','2021-05-31 11:49:51'),(269,292,'uploads/1622461791lhhQm.pdf','2021-05-31 11:49:51','2021-05-31 11:49:51'),(270,292,'uploads/16224617916BDT9.pdf','2021-05-31 11:49:51','2021-05-31 11:49:51'),(271,292,'uploads/16224617914qhl7.pdf','2021-05-31 11:49:51','2021-05-31 11:49:51'),(272,285,'uploads/1622462377asYjE.pdf','2021-05-31 11:59:37','2021-05-31 11:59:37'),(273,285,'uploads/16224623774DqP3.pdf','2021-05-31 11:59:37','2021-05-31 11:59:37'),(274,305,'uploads/1622701248swePn.pdf','2021-06-03 06:20:48','2021-06-03 06:20:48'),(277,307,'uploads/1622712990QBvBd.pdf','2021-06-03 09:36:30','2021-06-03 09:36:30'),(278,307,'uploads/1622712990Mc43X.pdf','2021-06-03 09:36:30','2021-06-03 09:36:30'),(279,308,'uploads/1622728349T3Wme.pdf','2021-06-03 13:52:29','2021-06-03 13:52:29'),(280,308,'uploads/1622728350rFcF3.pdf','2021-06-03 13:52:30','2021-06-03 13:52:30'),(281,312,'uploads/1622866987KunVI.pdf','2021-06-05 04:23:07','2021-06-05 04:23:07'),(282,313,'uploads/1622867007Z1pDe.pdf','2021-06-05 04:23:27','2021-06-05 04:23:27'),(283,314,'uploads/1622867022NwLfz.pdf','2021-06-05 04:23:42','2021-06-05 04:23:42'),(284,310,'uploads/1623226329iOXST.pdf','2021-06-09 08:12:09','2021-06-09 08:12:09'),(285,316,'uploads/1623425741RPMkp.pdf','2021-06-11 15:35:41','2021-06-11 15:35:41'),(286,317,'uploads/1624606094E8RMU.pdf','2021-06-25 07:28:14','2021-06-25 07:28:14'),(287,318,'uploads/1624606110GwMQo.pdf','2021-06-25 07:28:30','2021-06-25 07:28:30'),(288,328,'uploads/1624606275kh05c.pdf','2021-06-25 07:31:15','2021-06-25 07:31:15'),(289,321,'uploads/1624606547NH9T6.pdf','2021-06-25 07:35:47','2021-06-25 07:35:47'),(291,323,'uploads/1625027836QIcf0.pdf','2021-06-30 04:37:16','2021-06-30 04:37:16'),(292,323,'uploads/1625027837oE1CY.pdf','2021-06-30 04:37:17','2021-06-30 04:37:17'),(293,322,'uploads/1626577702qNIiO.pdf','2021-07-18 03:08:22','2021-07-18 03:08:22'),(294,339,'uploads/1626794997v4kge.pdf','2021-07-20 15:29:57','2021-07-20 15:29:57'),(295,340,'uploads/1626877736LrToT.pdf','2021-07-21 14:28:56','2021-07-21 14:28:56'),(296,344,'uploads/1626962248mQynp.pdf','2021-07-22 13:57:28','2021-07-22 13:57:28'),(297,345,'uploads/1627079485X80Qp.pdf','2021-07-23 22:31:25','2021-07-23 22:31:25'),(298,346,'uploads/1627079573vsID5.pdf','2021-07-23 22:32:53','2021-07-23 22:32:53'),(299,348,'uploads/1627079717WGhj1.pdf','2021-07-23 22:35:17','2021-07-23 22:35:17'),(300,315,'uploads/1627429566vF9Cg.pdf','2021-07-27 23:46:06','2021-07-27 23:46:06'),(301,315,'uploads/1627429566eQpNx.pdf','2021-07-27 23:46:06','2021-07-27 23:46:06'),(302,320,'uploads/1627429727s3oT2.pdf','2021-07-27 23:48:47','2021-07-27 23:48:47'),(303,320,'uploads/1627429727FDoLI.pdf','2021-07-27 23:48:47','2021-07-27 23:48:47'),(304,333,'uploads/1627430176IZd1h.pdf','2021-07-27 23:56:16','2021-07-27 23:56:16'),(305,333,'uploads/1627430176uhmOX.pdf','2021-07-27 23:56:16','2021-07-27 23:56:16'),(306,332,'uploads/1627430228Y3utH.pdf','2021-07-27 23:57:08','2021-07-27 23:57:08'),(307,332,'uploads/1627430228BroRx.pdf','2021-07-27 23:57:08','2021-07-27 23:57:08'),(308,332,'uploads/1627430228OB3e3.pdf','2021-07-27 23:57:08','2021-07-27 23:57:08'),(310,352,'uploads/1627485184cj3ig.pdf','2021-07-28 15:13:04','2021-07-28 15:13:04'),(311,352,'uploads/1627485184uMSfq.pdf','2021-07-28 15:13:04','2021-07-28 15:13:04'),(388,467,'uploads/1628871298crFRi.pdf','2021-08-13 16:14:58','2021-08-13 16:14:58'),(389,467,'uploads/1628871298o5knv.pdf','2021-08-13 16:14:58','2021-08-13 16:14:58'),(390,467,'uploads/1628871298ZVTyX.pdf','2021-08-13 16:14:58','2021-08-13 16:14:58'),(391,467,'uploads/1628871298OvOhS.pdf','2021-08-13 16:14:58','2021-08-13 16:14:58'),(392,467,'uploads/1628871298wvIL8.pdf','2021-08-13 16:14:58','2021-08-13 16:14:58'),(393,467,'uploads/16288712988kvA1.pdf','2021-08-13 16:14:58','2021-08-13 16:14:58'),(394,467,'uploads/1628871298ZoUEe.pdf','2021-08-13 16:14:58','2021-08-13 16:14:58'),(395,467,'uploads/1628871298jkxOz.pdf','2021-08-13 16:14:58','2021-08-13 16:14:58'),(396,467,'uploads/1628871298Oo9PX.pdf','2021-08-13 16:14:58','2021-08-13 16:14:58'),(397,467,'uploads/16288712981D1xO.pdf','2021-08-13 16:14:58','2021-08-13 16:14:58'),(398,467,'uploads/1628871298mTeDB.pdf','2021-08-13 16:14:58','2021-08-13 16:14:58'),(399,467,'uploads/1628871298lIVub.pdf','2021-08-13 16:14:58','2021-08-13 16:14:58'),(400,468,'uploads/1628871318Du7jQ.pdf','2021-08-13 16:15:18','2021-08-13 16:15:18'),(401,468,'uploads/1628871318LC3nv.pdf','2021-08-13 16:15:18','2021-08-13 16:15:18'),(402,468,'uploads/1628871318Ymd1i.pdf','2021-08-13 16:15:18','2021-08-13 16:15:18'),(403,468,'uploads/1628871318Vxfnp.pdf','2021-08-13 16:15:18','2021-08-13 16:15:18'),(404,468,'uploads/1628871318Q13Pi.pdf','2021-08-13 16:15:18','2021-08-13 16:15:18'),(405,468,'uploads/1628871318BHvav.pdf','2021-08-13 16:15:18','2021-08-13 16:15:18'),(406,468,'uploads/16288713188Hgyh.pdf','2021-08-13 16:15:18','2021-08-13 16:15:18'),(407,468,'uploads/1628871318PSxfG.pdf','2021-08-13 16:15:18','2021-08-13 16:15:18'),(408,468,'uploads/1628871318k1jae.pdf','2021-08-13 16:15:18','2021-08-13 16:15:18'),(409,468,'uploads/1628871318UGQRl.pdf','2021-08-13 16:15:18','2021-08-13 16:15:18'),(410,468,'uploads/1628871318nc6wS.pdf','2021-08-13 16:15:18','2021-08-13 16:15:18'),(411,468,'uploads/1628871318ZrFJN.pdf','2021-08-13 16:15:18','2021-08-13 16:15:18'),(412,356,'uploads/1629262932kEaBS.pdf','2021-08-18 05:02:12','2021-08-18 05:02:12'),(413,357,'uploads/1629262967OCBaR.pdf','2021-08-18 05:02:47','2021-08-18 05:02:47'),(414,361,'uploads/1629263039Xm2mo.pdf','2021-08-18 05:04:00','2021-08-18 05:04:00'),(415,362,'uploads/1629263057LlWKv.pdf','2021-08-18 05:04:17','2021-08-18 05:04:17'),(416,363,'uploads/16292630812U2y7.pdf','2021-08-18 05:04:41','2021-08-18 05:04:41'),(419,365,'uploads/1629263119Foa88.pdf','2021-08-18 05:05:19','2021-08-18 05:05:19'),(420,366,'uploads/1629263148odnRH.pdf','2021-08-18 05:05:48','2021-08-18 05:05:48'),(421,366,'uploads/1629263148DPqcH.pdf','2021-08-18 05:05:48','2021-08-18 05:05:48'),(422,366,'uploads/1629263148RrPA0.pdf','2021-08-18 05:05:48','2021-08-18 05:05:48'),(423,367,'uploads/16292631665jCmJ.pdf','2021-08-18 05:06:06','2021-08-18 05:06:06'),(424,367,'uploads/162926316610yfn.pdf','2021-08-18 05:06:06','2021-08-18 05:06:06'),(425,370,'uploads/1629263198jpgcn.pdf','2021-08-18 05:06:38','2021-08-18 05:06:38'),(426,371,'uploads/1629263213CEInw.pdf','2021-08-18 05:06:53','2021-08-18 05:06:53'),(427,373,'uploads/1629263228q0AW5.pdf','2021-08-18 05:07:08','2021-08-18 05:07:08'),(428,373,'uploads/1629263228tgnWg.pdf','2021-08-18 05:07:08','2021-08-18 05:07:08'),(429,374,'uploads/1629263246TfC4n.pdf','2021-08-18 05:07:26','2021-08-18 05:07:26'),(433,382,'uploads/1629263986h7Vkh.pdf','2021-08-18 05:19:46','2021-08-18 05:19:46'),(434,383,'uploads/1629264000FZDj0.pdf','2021-08-18 05:20:00','2021-08-18 05:20:00'),(435,392,'uploads/1629264025OaUO1.pdf','2021-08-18 05:20:25','2021-08-18 05:20:25'),(436,394,'uploads/16292640373QexE.pdf','2021-08-18 05:20:37','2021-08-18 05:20:37'),(437,396,'uploads/1629264051zBMB5.pdf','2021-08-18 05:20:51','2021-08-18 05:20:51'),(438,398,'uploads/1629264065vqd8V.pdf','2021-08-18 05:21:05','2021-08-18 05:21:05'),(439,398,'uploads/1629264065qHDPJ.pdf','2021-08-18 05:21:05','2021-08-18 05:21:05'),(440,400,'uploads/1629264078gcITf.pdf','2021-08-18 05:21:18','2021-08-18 05:21:18'),(441,402,'uploads/1629264098twW13.pdf','2021-08-18 05:21:38','2021-08-18 05:21:38'),(442,402,'uploads/1629264098ureek.pdf','2021-08-18 05:21:38','2021-08-18 05:21:38'),(443,402,'uploads/1629264098MWQHI.pdf','2021-08-18 05:21:38','2021-08-18 05:21:38'),(444,404,'uploads/1629264121UkXam.pdf','2021-08-18 05:22:01','2021-08-18 05:22:01'),(445,404,'uploads/1629264121Bvort.pdf','2021-08-18 05:22:01','2021-08-18 05:22:01'),(447,410,'uploads/16292641520XnTH.pdf','2021-08-18 05:22:32','2021-08-18 05:22:32'),(448,412,'uploads/1629264166QjAg8.pdf','2021-08-18 05:22:46','2021-08-18 05:22:46'),(449,415,'uploads/16292642147UpAx.pdf','2021-08-18 05:23:34','2021-08-18 05:23:34'),(450,415,'uploads/1629264214U9yOW.pdf','2021-08-18 05:23:34','2021-08-18 05:23:34'),(451,418,'uploads/1629264227ikNSU.pdf','2021-08-18 05:23:47','2021-08-18 05:23:47'),(454,381,'uploads/1629264277WrXjV.pdf','2021-08-18 05:24:37','2021-08-18 05:24:37'),(455,384,'uploads/1629264289MhURg.pdf','2021-08-18 05:24:49','2021-08-18 05:24:49'),(456,391,'uploads/16292643028irrX.pdf','2021-08-18 05:25:02','2021-08-18 05:25:02'),(457,393,'uploads/1629264318vi2dw.pdf','2021-08-18 05:25:18','2021-08-18 05:25:18'),(458,395,'uploads/1629264329Ojeut.pdf','2021-08-18 05:25:29','2021-08-18 05:25:29'),(459,397,'uploads/1629264346Re6E3.pdf','2021-08-18 05:25:46','2021-08-18 05:25:46'),(460,397,'uploads/1629264346HFRD9.pdf','2021-08-18 05:25:46','2021-08-18 05:25:46'),(461,399,'uploads/1629264358T0DWT.pdf','2021-08-18 05:25:58','2021-08-18 05:25:58'),(462,401,'uploads/16292643765vmro.pdf','2021-08-18 05:26:16','2021-08-18 05:26:16'),(463,401,'uploads/16292643766D2cQ.pdf','2021-08-18 05:26:16','2021-08-18 05:26:16'),(464,401,'uploads/1629264376INyPu.pdf','2021-08-18 05:26:16','2021-08-18 05:26:16'),(465,403,'uploads/1629264393kbqqp.pdf','2021-08-18 05:26:33','2021-08-18 05:26:33'),(466,403,'uploads/1629264393iyDtw.pdf','2021-08-18 05:26:33','2021-08-18 05:26:33'),(468,409,'uploads/1629264430lfpqF.pdf','2021-08-18 05:27:10','2021-08-18 05:27:10'),(469,411,'uploads/1629264446YsvD6.pdf','2021-08-18 05:27:26','2021-08-18 05:27:26'),(470,416,'uploads/1629264483Lby0Y.pdf','2021-08-18 05:28:03','2021-08-18 05:28:03'),(471,416,'uploads/1629264483N78tc.pdf','2021-08-18 05:28:03','2021-08-18 05:28:03'),(472,417,'uploads/162926452815r2o.pdf','2021-08-18 05:28:48','2021-08-18 05:28:48'),(477,436,'uploads/1629481512IrBZh.pdf','2021-08-20 17:45:12','2021-08-20 17:45:12'),(478,438,'uploads/1629481527k8u9Q.pdf','2021-08-20 17:45:27','2021-08-20 17:45:27'),(483,453,'uploads/1629481628mFGaQ.pdf','2021-08-20 17:47:08','2021-08-20 17:47:08'),(484,453,'uploads/1629481628QtT8W.pdf','2021-08-20 17:47:08','2021-08-20 17:47:08'),(485,455,'uploads/1629481642lejQZ.pdf','2021-08-20 17:47:22','2021-08-20 17:47:22'),(486,457,'uploads/1629481656iCTG4.pdf','2021-08-20 17:47:36','2021-08-20 17:47:36'),(489,435,'uploads/16294817080wn2Q.pdf','2021-08-20 17:48:28','2021-08-20 17:48:28'),(490,437,'uploads/1629481723bl0Xx.pdf','2021-08-20 17:48:43','2021-08-20 17:48:43'),(491,445,'uploads/1629481754EsB9H.pdf','2021-08-20 17:49:14','2021-08-20 17:49:14'),(494,452,'uploads/1629481804KCkfO.pdf','2021-08-20 17:50:04','2021-08-20 17:50:04'),(495,454,'uploads/1629481823mMgJk.pdf','2021-08-20 17:50:23','2021-08-20 17:50:23'),(496,454,'uploads/1629481823ETZHg.pdf','2021-08-20 17:50:23','2021-08-20 17:50:23'),(497,456,'uploads/16294818398HCp7.pdf','2021-08-20 17:50:39','2021-08-20 17:50:39'),(498,458,'uploads/1629481854WNrDu.pdf','2021-08-20 17:50:54','2021-08-20 17:50:54'),(500,372,'uploads/1629780789KdiMh.pdf','2021-08-24 04:53:09','2021-08-24 04:53:09'),(501,413,'uploads/1629780808weodK.pdf','2021-08-24 04:53:28','2021-08-24 04:53:28'),(505,378,'uploads/1629801917HzZ17.pdf','2021-08-24 10:45:17','2021-08-24 10:45:17'),(506,378,'uploads/162980191731ehe.pdf','2021-08-24 10:45:17','2021-08-24 10:45:17'),(507,426,'uploads/1629802088ZXfSv.pdf','2021-08-24 10:48:08','2021-08-24 10:48:08'),(508,426,'uploads/1629802088KnuCQ.pdf','2021-08-24 10:48:08','2021-08-24 10:48:08'),(509,446,'uploads/1629803682gE4ef.pdf','2021-08-24 11:14:42','2021-08-24 11:14:42'),(510,442,'uploads/1629803711vYnYj.pdf','2021-08-24 11:15:11','2021-08-24 11:15:11'),(511,442,'uploads/16298037116sytN.pdf','2021-08-24 11:15:11','2021-08-24 11:15:11'),(512,450,'uploads/16298042190Uo8n.pdf','2021-08-24 11:23:39','2021-08-24 11:23:39'),(513,450,'uploads/1629804219Lu72s.pdf','2021-08-24 11:23:39','2021-08-24 11:23:39'),(514,432,'uploads/1629804522M4p2N.pdf','2021-08-24 11:28:42','2021-08-24 11:28:42'),(515,432,'uploads/1629804522mIZmG.pdf','2021-08-24 11:28:42','2021-08-24 11:28:42'),(516,414,'uploads/1629804597h7Ta6.pdf','2021-08-24 11:29:57','2021-08-24 11:29:57'),(519,425,'uploads/1629804711X2Wag.pdf','2021-08-24 11:31:51','2021-08-24 11:31:51'),(520,425,'uploads/1629804711UUCnH.pdf','2021-08-24 11:31:51','2021-08-24 11:31:51'),(521,431,'uploads/1629804739Ot6Z1.pdf','2021-08-24 11:32:19','2021-08-24 11:32:19'),(522,431,'uploads/1629804739QXbdy.pdf','2021-08-24 11:32:19','2021-08-24 11:32:19'),(523,441,'uploads/1629804784uQ787.pdf','2021-08-24 11:33:04','2021-08-24 11:33:04'),(524,441,'uploads/1629804784kNQe3.pdf','2021-08-24 11:33:04','2021-08-24 11:33:04'),(525,449,'uploads/1629804927XwUdN.pdf','2021-08-24 11:35:27','2021-08-24 11:35:27'),(526,449,'uploads/16298049279G2BW.pdf','2021-08-24 11:35:27','2021-08-24 11:35:27'),(527,462,'uploads/1629805000m5KYk.pdf','2021-08-24 11:36:40','2021-08-24 11:36:40'),(528,464,'uploads/1629805010Qz0AL.pdf','2021-08-24 11:36:50','2021-08-24 11:36:50'),(529,466,'uploads/1629805022JMX9m.pdf','2021-08-24 11:37:02','2021-08-24 11:37:02'),(530,461,'uploads/16298050665C6Va.pdf','2021-08-24 11:37:46','2021-08-24 11:37:46'),(531,463,'uploads/1629805075UiXMx.pdf','2021-08-24 11:37:55','2021-08-24 11:37:55'),(532,465,'uploads/16298050851RYfb.pdf','2021-08-24 11:38:05','2021-08-24 11:38:05'),(533,375,'uploads/16302593569tapt.pdf','2021-08-29 17:49:16','2021-08-29 17:49:16'),(534,375,'uploads/1630259356PlgAa.pdf','2021-08-29 17:49:16','2021-08-29 17:49:16'),(535,375,'uploads/1630259356eqRwn.pdf','2021-08-29 17:49:16','2021-08-29 17:49:16'),(536,419,'uploads/1630259394WCC58.pdf','2021-08-29 17:49:54','2021-08-29 17:49:54'),(537,419,'uploads/163025939480wX1.pdf','2021-08-29 17:49:54','2021-08-29 17:49:54'),(538,419,'uploads/16302593943gRxS.pdf','2021-08-29 17:49:54','2021-08-29 17:49:54'),(539,448,'uploads/1630259420IEJ3I.pdf','2021-08-29 17:50:20','2021-08-29 17:50:20'),(540,448,'uploads/16302594206SRM9.pdf','2021-08-29 17:50:20','2021-08-29 17:50:20'),(541,447,'uploads/1630259443WpVfN.pdf','2021-08-29 17:50:43','2021-08-29 17:50:43'),(542,447,'uploads/1630259443tutQ0.pdf','2021-08-29 17:50:43','2021-08-29 17:50:43'),(543,420,'uploads/1630259463lT8TV.pdf','2021-08-29 17:51:03','2021-08-29 17:51:03'),(544,420,'uploads/1630259463Qn3FU.pdf','2021-08-29 17:51:03','2021-08-29 17:51:03'),(545,420,'uploads/16302594635msPj.pdf','2021-08-29 17:51:03','2021-08-29 17:51:03'),(546,364,'uploads/1631524409OZpoV.pdf','2021-09-13 09:13:29','2021-09-13 09:13:29'),(547,364,'uploads/1631524409musrs.pdf','2021-09-13 09:13:29','2021-09-13 09:13:29'),(548,364,'uploads/16315244092c38i.pdf','2021-09-13 09:13:29','2021-09-13 09:13:29'),(549,469,'uploads/1631603884FSe1H.pdf','2021-09-14 07:18:04','2021-09-14 07:18:04'),(550,473,'uploads/1631603931ozRrS.pdf','2021-09-14 07:18:51','2021-09-14 07:18:51'),(551,475,'uploads/1631603949OTb8W.pdf','2021-09-14 07:19:09','2021-09-14 07:19:09'),(552,475,'uploads/1631603949YX0U5.pdf','2021-09-14 07:19:09','2021-09-14 07:19:09'),(553,475,'uploads/1631603949xgtn0.pdf','2021-09-14 07:19:09','2021-09-14 07:19:09'),(554,477,'uploads/1631604011xglfl.pdf','2021-09-14 07:20:11','2021-09-14 07:20:11'),(555,477,'uploads/1631604011Abrbs.pdf','2021-09-14 07:20:11','2021-09-14 07:20:11'),(556,477,'uploads/1631604011hQ4gw.pdf','2021-09-14 07:20:11','2021-09-14 07:20:11'),(557,477,'uploads/1631604011Rsito.pdf','2021-09-14 07:20:11','2021-09-14 07:20:11'),(558,481,'uploads/1631604070wUdUz.pdf','2021-09-14 07:21:10','2021-09-14 07:21:10'),(560,434,'uploads/16316041925bxi6.pdf','2021-09-14 07:23:12','2021-09-14 07:23:12'),(561,434,'uploads/1631604192CvUs0.pdf','2021-09-14 07:23:12','2021-09-14 07:23:12'),(562,470,'uploads/1631606446gKw0Y.pdf','2021-09-14 08:00:46','2021-09-14 08:00:46'),(563,474,'uploads/1631606456Sp8sO.pdf','2021-09-14 08:00:56','2021-09-14 08:00:56'),(564,476,'uploads/1631606477uN0x9.pdf','2021-09-14 08:01:17','2021-09-14 08:01:17'),(565,476,'uploads/1631606477Ahllr.pdf','2021-09-14 08:01:17','2021-09-14 08:01:17'),(566,476,'uploads/1631606477G40Wl.pdf','2021-09-14 08:01:17','2021-09-14 08:01:17'),(567,478,'uploads/1631606502x4liD.pdf','2021-09-14 08:01:42','2021-09-14 08:01:42'),(568,478,'uploads/1631606502OVr73.pdf','2021-09-14 08:01:42','2021-09-14 08:01:42'),(569,478,'uploads/1631606502UDzQw.pdf','2021-09-14 08:01:42','2021-09-14 08:01:42'),(570,478,'uploads/16316065028slM0.pdf','2021-09-14 08:01:42','2021-09-14 08:01:42'),(571,482,'uploads/1631606514cjSor.pdf','2021-09-14 08:01:54','2021-09-14 08:01:54'),(572,490,'uploads/1631606596WI6fo.pdf','2021-09-14 08:03:16','2021-09-14 08:03:16'),(573,490,'uploads/1631606596c0w7P.pdf','2021-09-14 08:03:16','2021-09-14 08:03:16'),(574,490,'uploads/1631606596o2bRg.pdf','2021-09-14 08:03:16','2021-09-14 08:03:16'),(575,433,'uploads/16316066132uacJ.pdf','2021-09-14 08:03:33','2021-09-14 08:03:33'),(576,433,'uploads/1631606613Qtb0T.pdf','2021-09-14 08:03:33','2021-09-14 08:03:33'),(577,489,'uploads/1631606632erreS.pdf','2021-09-14 08:03:52','2021-09-14 08:03:52'),(578,489,'uploads/1631606632HOBLi.pdf','2021-09-14 08:03:52','2021-09-14 08:03:52'),(579,489,'uploads/1631606632MbDxm.pdf','2021-09-14 08:03:52','2021-09-14 08:03:52'),(580,451,'uploads/1631938191WeupT.pdf','2021-09-18 04:09:51','2021-09-18 04:09:51'),(581,504,'uploads/1632995243LZZvc.pdf','2021-09-30 09:47:23','2021-09-30 09:47:23'),(583,506,'uploads/1633003388XPAxY.pdf','2021-09-30 12:03:08','2021-09-30 12:03:08'),(584,507,'uploads/1635915959v0ejd.pdf','2021-11-03 05:05:59','2021-11-03 05:05:59'),(585,508,'uploads/16359160139utPE.pdf','2021-11-03 05:06:53','2021-11-03 05:06:53'),(586,510,'uploads/1635917289zlBTQ.pdf','2021-11-03 05:28:09','2021-11-03 05:28:09'),(587,511,'uploads/1635917318Oq40S.pdf','2021-11-03 05:28:38','2021-11-03 05:28:38'),(588,515,'uploads/1637830738AdzXs.pdf','2021-11-25 08:58:58','2021-11-25 08:58:58'),(589,532,'uploads/1638986907H5pMd.pdf','2021-12-08 18:08:27','2021-12-08 18:08:27'),(590,536,'uploads/1638987566REg9D.pdf','2021-12-08 18:19:26','2021-12-08 18:19:26'),(591,542,'uploads/1639034217WpcZU.pdf','2021-12-09 07:16:57','2021-12-09 07:16:57');
/*!40000 ALTER TABLE `lesson_pdf` ENABLE KEYS */;
UNLOCK TABLES;

--
-- Table structure for table `lessons`
--

DROP TABLE IF EXISTS `lessons`;
/*!40101 SET @saved_cs_client     = @@character_set_client */;
/*!40101 SET character_set_client = utf8 */;
CREATE TABLE `lessons` (
  `id` bigint(20) unsigned NOT NULL AUTO_INCREMENT,
  `course_id` bigint(20) unsigned NOT NULL,
  `course_category_id` bigint(20) unsigned DEFAULT NULL,
  `title` varchar(255) COLLATE utf8mb4_unicode_ci DEFAULT NULL,
  `description` text COLLATE utf8mb4_unicode_ci,
  `homework` text COLLATE utf8mb4_unicode_ci,
  `video_url` varchar(255) COLLATE utf8mb4_unicode_ci DEFAULT NULL,
  `video_fon` varchar(255) COLLATE utf8mb4_unicode_ci DEFAULT NULL,
  `audios` json DEFAULT NULL,
  `homework_audios` json DEFAULT NULL,
  `show` int(11) DEFAULT '0',
  `hidden` tinyint(1) NOT NULL DEFAULT '1',
  `pdf` varchar(255) COLLATE utf8mb4_unicode_ci DEFAULT NULL,
  `comment` tinyint(1) DEFAULT '0',
  `created_at` timestamp NULL DEFAULT NULL,
  `updated_at` timestamp NULL DEFAULT NULL,
  PRIMARY KEY (`id`),
  KEY `lessons_course_id_foreign` (`course_id`),
  KEY `lessons_course_category_id_foreign` (`course_category_id`),
  CONSTRAINT `lessons_course_category_id_foreign` FOREIGN KEY (`course_category_id`) REFERENCES `course_categories` (`id`) ON DELETE CASCADE,
  CONSTRAINT `lessons_course_id_foreign` FOREIGN KEY (`course_id`) REFERENCES `courses` (`id`) ON DELETE CASCADE
) ENGINE=InnoDB AUTO_INCREMENT=546 DEFAULT CHARSET=utf8mb4 COLLATE=utf8mb4_unicode_ci;
/*!40101 SET character_set_client = @saved_cs_client */;

--
-- Dumping data for table `lessons`
--

LOCK TABLES `lessons` WRITE;
/*!40000 ALTER TABLE `lessons` DISABLE KEYS */;
INSERT INTO `lessons` VALUES (541,165,7,'Үлкен ақшаға ниеттену техникасы','<p><span style=\"color: #ffffff;\">&nbsp;</span></p>\r\n<p><span style=\"color: #ffffff;\">&nbsp;</span></p>\r\n<p><span style=\"color: #ffffff;\">Сізге қазір өміріңіздің сәулелі жақтарын жақыннан көретін ғажайып медитация ұсынбақшымын. Нәтижесі болатынына сеніңіз. Істің басы жақсы ниетте ғой. Құдайсыз қурай да сынбайды. Сондықтан да Алла разылығы үшін деп ниет етіп, қандай да істі бастағанда сізді жын-шайтаннан, қауіп-қатерден сақтайтын Аятуль-күрсі сүресін тыңдағаныңыз дұрыс болады.</span></p>\r\n<p><span style=\"color: #ffffff;\">&nbsp;</span></p>\r\n<p><span style=\"color: #ffffff;\">&nbsp;</span></p>\r\n<p><span style=\"color: #ffffff;\">&nbsp;</span></p>\r\n<p><span style=\"color: #ffffff;\">&nbsp;</span></p>\r\n<p><span style=\"color: #ffffff;\">&nbsp;</span></p>\r\n<p><iframe title=\"YouTube video player\" src=\"https://www.youtube.com/embed/Qgnq_mMsA30\" width=\"560\" height=\"315\" frameborder=\"0\" allowfullscreen=\"allowfullscreen\"></iframe></p>\r\n<p><span style=\"color: #ffffff;\">&nbsp;</span></p>\r\n<p><span style=\"color: #ffffff;\">видеоны көрген болсаңыз</span></p>\r\n<p><span style=\"color: #ffffff;\">үй тапсыриһмасы;лстылтмо</span></p>\r\n<p><span style=\"color: #ffffff;\">сссссссссссссс</span></p>\r\n<p><span style=\"color: #ffffff;\">сссссссссссссссссссссссссссс</span></p>','',NULL,'uploads/1639034008dmL1z.jpg','[\"uploads/1639163194tgD27.mp3\"]',NULL,69,1,NULL,1,'2021-12-09 07:13:28','2021-12-11 05:23:09'),(542,165,14,'договор','<p><span style=\"color: #ffffff;\">договорды мұқият оқып, келіссеңіз \"КЕЛІСЕМІН\" деп жазыңыз</span></p>','',NULL,NULL,NULL,NULL,17,1,NULL,1,'2021-12-09 07:16:57','2021-12-11 05:03:43'),(543,166,27,'Договор','<p><span style=\"color: #ffffff;\">Договорды өзіңізге жүктеп, мұқият оқып шығыңыз. Мұқият танысып шыққаннан кейін төменгі жақта тұрған \"комментарии\" деген&nbsp; орынға \"КЕЛІСЕМІН\"-деп жазыңыз. Жауабыңыз қабылданғаннан кейін, сізге сабаққа доступ ашылады.</span></p>','',NULL,NULL,NULL,NULL,9,1,NULL,1,'2021-12-09 15:53:17','2021-12-10 06:45:27'),(544,167,29,'Қызмет прогреві','<p><iframe title=\"YouTube video player\" src=\"https://www.youtube.com/embed/Qgnq_mMsA30\" width=\"560\" height=\"315\" frameborder=\"0\" allowfullscreen=\"allowfullscreen\"></iframe></p>\r\n<p>Ақша</p>','',NULL,NULL,NULL,NULL,7,1,NULL,1,'2021-12-09 16:10:23','2021-12-10 12:11:12'),(545,165,7,'Таныстыру','<p><span style=\"color: #ffffff;\">2-ші сабаққа қош келдіңі<span style=\"color: #993366;\"><span style=\"caret-color: #993366;\">з</span></span></span></p>','',NULL,'uploads/16391137753h49B.jpeg',NULL,NULL,4,1,NULL,1,'2021-12-10 05:22:55','2021-12-10 19:14:43');
/*!40000 ALTER TABLE `lessons` ENABLE KEYS */;
UNLOCK TABLES;

--
-- Table structure for table `migrations`
--

DROP TABLE IF EXISTS `migrations`;
/*!40101 SET @saved_cs_client     = @@character_set_client */;
/*!40101 SET character_set_client = utf8 */;
CREATE TABLE `migrations` (
  `id` int(10) unsigned NOT NULL AUTO_INCREMENT,
  `migration` varchar(255) COLLATE utf8mb4_unicode_ci NOT NULL,
  `batch` int(11) NOT NULL,
  PRIMARY KEY (`id`)
) ENGINE=InnoDB AUTO_INCREMENT=18 DEFAULT CHARSET=utf8mb4 COLLATE=utf8mb4_unicode_ci;
/*!40101 SET character_set_client = @saved_cs_client */;

--
-- Dumping data for table `migrations`
--

LOCK TABLES `migrations` WRITE;
/*!40000 ALTER TABLE `migrations` DISABLE KEYS */;
INSERT INTO `migrations` VALUES (1,'2020_02_10_095035_create_users_table',1),(2,'2020_02_10_095108_create_user_device_tokens_table',1),(3,'2020_02_10_095119_create_courses_table',1),(4,'2020_02_10_095127_create_lessons_table',1),(5,'2020_02_10_095137_create_lesson_videos_table',1),(6,'2020_02_10_095206_create_user_courses_table',1),(7,'2020_02_10_095221_create_post_cats_table',1),(8,'2020_02_10_095224_create_posts_table',1),(9,'2020_02_10_095239_create_question_answers_table',1),(10,'2021_10_19_175932_create_user_lessons_table',2),(12,'2021_12_06_152409_create_course_categories_table',3),(13,'2021_12_06_153822_alter_table_lessons_course_category',4),(14,'2021_12_06_175159_alter_table_lessons_comment',5),(15,'2021_12_07_105821_alter_table_user_lessons_comment',6),(16,'2021_12_07_215149_alter_table_user_lessons_accepted',7),(17,'2021_12_09_000016_alter_table_user_lessons_category_id',8);
/*!40000 ALTER TABLE `migrations` ENABLE KEYS */;
UNLOCK TABLES;

--
-- Table structure for table `payments`
--

DROP TABLE IF EXISTS `payments`;
/*!40101 SET @saved_cs_client     = @@character_set_client */;
/*!40101 SET character_set_client = utf8 */;
CREATE TABLE `payments` (
  `id` bigint(20) NOT NULL AUTO_INCREMENT,
  `amount` int(11) NOT NULL DEFAULT '0',
  `course_id` bigint(20) unsigned DEFAULT NULL,
  `user_id` bigint(11) unsigned NOT NULL,
  `pg_salt` varchar(255) NOT NULL DEFAULT '0',
  `pg_sig` varchar(255) NOT NULL DEFAULT '0',
  `status` varchar(255) NOT NULL DEFAULT 'waiting',
  `updated_at` timestamp NULL DEFAULT NULL,
  `created_at` timestamp NULL DEFAULT NULL,
  PRIMARY KEY (`id`),
  KEY `payments_course_id` (`course_id`),
  KEY `payments_user_id` (`user_id`),
  CONSTRAINT `payments_course_id` FOREIGN KEY (`course_id`) REFERENCES `courses` (`id`) ON DELETE CASCADE ON UPDATE NO ACTION,
  CONSTRAINT `payments_user_id` FOREIGN KEY (`user_id`) REFERENCES `users` (`id`) ON DELETE CASCADE ON UPDATE NO ACTION
) ENGINE=InnoDB DEFAULT CHARSET=latin1;
/*!40101 SET character_set_client = @saved_cs_client */;

--
-- Dumping data for table `payments`
--

LOCK TABLES `payments` WRITE;
/*!40000 ALTER TABLE `payments` DISABLE KEYS */;
/*!40000 ALTER TABLE `payments` ENABLE KEYS */;
UNLOCK TABLES;

--
-- Table structure for table `post_cats`
--

DROP TABLE IF EXISTS `post_cats`;
/*!40101 SET @saved_cs_client     = @@character_set_client */;
/*!40101 SET character_set_client = utf8 */;
CREATE TABLE `post_cats` (
  `id` bigint(20) unsigned NOT NULL AUTO_INCREMENT,
  `name` varchar(255) COLLATE utf8mb4_unicode_ci NOT NULL,
  `created_at` timestamp NULL DEFAULT NULL,
  `updated_at` timestamp NULL DEFAULT NULL,
  PRIMARY KEY (`id`)
) ENGINE=InnoDB AUTO_INCREMENT=3 DEFAULT CHARSET=utf8mb4 COLLATE=utf8mb4_unicode_ci;
/*!40101 SET character_set_client = @saved_cs_client */;

--
-- Dumping data for table `post_cats`
--

LOCK TABLES `post_cats` WRITE;
/*!40000 ALTER TABLE `post_cats` DISABLE KEYS */;
INSERT INTO `post_cats` VALUES (1,'Жаңалықтар',NULL,NULL),(2,'Нәтижелер',NULL,NULL);
/*!40000 ALTER TABLE `post_cats` ENABLE KEYS */;
UNLOCK TABLES;

--
-- Table structure for table `posts`
--

DROP TABLE IF EXISTS `posts`;
/*!40101 SET @saved_cs_client     = @@character_set_client */;
/*!40101 SET character_set_client = utf8 */;
CREATE TABLE `posts` (
  `id` bigint(20) unsigned NOT NULL AUTO_INCREMENT,
  `cat_id` bigint(20) unsigned NOT NULL,
  `images` json DEFAULT NULL,
  `title` varchar(255) COLLATE utf8mb4_unicode_ci DEFAULT NULL,
  `description` text COLLATE utf8mb4_unicode_ci,
  `videos` json DEFAULT NULL,
  `show` int(11) DEFAULT '0',
  `created_at` timestamp NULL DEFAULT NULL,
  `updated_at` timestamp NULL DEFAULT NULL,
  PRIMARY KEY (`id`),
  KEY `posts_cat_id_foreign` (`cat_id`),
  CONSTRAINT `posts_cat_id_foreign` FOREIGN KEY (`cat_id`) REFERENCES `post_cats` (`id`) ON DELETE CASCADE
) ENGINE=InnoDB AUTO_INCREMENT=364 DEFAULT CHARSET=utf8mb4 COLLATE=utf8mb4_unicode_ci;
/*!40101 SET character_set_client = @saved_cs_client */;

--
-- Dumping data for table `posts`
--

LOCK TABLES `posts` WRITE;
/*!40000 ALTER TABLE `posts` DISABLE KEYS */;
INSERT INTO `posts` VALUES (363,1,'[\"uploads/1638981590yRtJ2.png\"]','\"INCON ACADEMY\" қосымшасына қош келдіңіз!','',NULL,25,'2021-12-08 16:39:50','2021-12-11 10:47:55');
/*!40000 ALTER TABLE `posts` ENABLE KEYS */;
UNLOCK TABLES;

--
-- Table structure for table `question_answers`
--

DROP TABLE IF EXISTS `question_answers`;
/*!40101 SET @saved_cs_client     = @@character_set_client */;
/*!40101 SET character_set_client = utf8 */;
CREATE TABLE `question_answers` (
  `id` bigint(20) unsigned NOT NULL AUTO_INCREMENT,
  `question` varchar(300) COLLATE utf8mb4_unicode_ci DEFAULT NULL,
  `answer` text COLLATE utf8mb4_unicode_ci,
  `created_at` timestamp NULL DEFAULT NULL,
  `updated_at` timestamp NULL DEFAULT NULL,
  PRIMARY KEY (`id`)
) ENGINE=InnoDB AUTO_INCREMENT=79 DEFAULT CHARSET=utf8mb4 COLLATE=utf8mb4_unicode_ci;
/*!40101 SET character_set_client = @saved_cs_client */;

--
-- Dumping data for table `question_answers`
--

LOCK TABLES `question_answers` WRITE;
/*!40000 ALTER TABLE `question_answers` DISABLE KEYS */;
INSERT INTO `question_answers` VALUES (74,'\"Логин-пароль қате\"-деп шығады. не істеу керек?','Сізге куратор логин-парольді қалай берді, тура солай жазыңыз. \r\nНомер жазғанда автоматты түрде шыққан \"+7\" санын өшіріп тастаңыз.\r\nОның орнына \"8xxxxxxxxxx\"-деп теріңіз.','2021-11-30 14:41:41','2021-11-30 14:57:38'),(75,'Приложениеге 2 қондырғымен кіруге болады ма?','❌ ЖОҚ, БОЛМАЙДЫ. \r\nПриложение ішіндегі курстар заңды түрде қорғалған. \r\n? Егер сіз 1 аккаунтпен 2 қондырғыда кіретін болсаңыз, сізді автоматты түрде БЛОКҚА жіберуі мүмкін. \r\nАры қарай логиніңіз жарамсыз болып қалады. \r\nЕгер телефоныңыз бұзылып қалса, жоғалтып алсаңыз кураторға ескертіңіз. \r\n✅ Тех-поддержкамен хабарласып, проблема шешілетін болады.','2021-11-30 14:46:09','2021-11-30 15:29:03'),(76,'Жаңа сабақтың ашылғанын қайдан білемін?','✅ \"INCON ACADEMY\" приложениесінен сізге жаңа сабақтың ашылғаны жайлы хабарландыру барады.','2021-11-30 14:47:45','2021-11-30 15:30:58'),(77,'Сабақтарды көре алмай жатырмын?','?‍♀️ \"Кіре алмай жатырмын, приложениеден шығып кетіп жатыр, сабақтар көрінбейді\" - деген сұрақтарға ТЕХ-ПОДДЕРЖКА бөлімі жауап береді. \r\n✅ Кез-келген техникалық сұраққа жауап ала аласыз:\r\n\r\n8-702-730-99-34','2021-11-30 14:52:17','2021-11-30 15:33:30'),(78,'Сабақтарды көру үшін сатып аламын ба?','Приложениеде 2 бөлім бар: \"АҚЫЛЫ\" және \"БОНУС\". \r\n\r\n✅ Тегін, бонусқа берілген сабақтарды \"БОНУС\" бөлімінен ешқандай төлем жасамай көре аласыз. \r\n? Ал ақылы сабақтарды сатып алып, төлем жасап \"АҚЫЛЫ\" бөлімінен көре аласыз.','2021-11-30 14:54:42','2021-11-30 15:32:27');
/*!40000 ALTER TABLE `question_answers` ENABLE KEYS */;
UNLOCK TABLES;

--
-- Table structure for table `settings`
--

DROP TABLE IF EXISTS `settings`;
/*!40101 SET @saved_cs_client     = @@character_set_client */;
/*!40101 SET character_set_client = utf8 */;
CREATE TABLE `settings` (
  `id` bigint(20) unsigned NOT NULL AUTO_INCREMENT,
  `info` text CHARACTER SET utf8mb4,
  `whatsapp` varchar(255) DEFAULT NULL,
  `kaspi` varchar(255) DEFAULT NULL,
  `qiwi` varchar(255) DEFAULT NULL,
  `kaspi_description` text CHARACTER SET utf8mb4,
  `phone` varchar(255) DEFAULT NULL,
  `email` varchar(255) DEFAULT NULL,
  `oferta` text CHARACTER SET utf8mb4,
  `whatsapp_link` varchar(50) DEFAULT NULL,
  `feedback` varchar(255) DEFAULT NULL,
  `created_at` timestamp NULL DEFAULT NULL,
  `updated_at` timestamp NULL DEFAULT NULL,
  PRIMARY KEY (`id`)
) ENGINE=InnoDB AUTO_INCREMENT=2 DEFAULT CHARSET=latin1;
/*!40101 SET character_set_client = @saved_cs_client */;

--
-- Dumping data for table `settings`
--

LOCK TABLES `settings` WRITE;
/*!40000 ALTER TABLE `settings` DISABLE KEYS */;
INSERT INTO `settings` VALUES (1,'Қош келдіңіз!','87071112233','-','-','-','-','-',NULL,'-',NULL,NULL,'2021-11-30 15:05:23');
/*!40000 ALTER TABLE `settings` ENABLE KEYS */;
UNLOCK TABLES;

--
-- Table structure for table `user_courses`
--

DROP TABLE IF EXISTS `user_courses`;
/*!40101 SET @saved_cs_client     = @@character_set_client */;
/*!40101 SET character_set_client = utf8 */;
CREATE TABLE `user_courses` (
  `id` bigint(20) unsigned NOT NULL AUTO_INCREMENT,
  `course_id` bigint(20) unsigned NOT NULL,
  `user_id` bigint(20) unsigned NOT NULL,
  `opened` datetime DEFAULT NULL,
  `created_at` timestamp NULL DEFAULT CURRENT_TIMESTAMP,
  `updated_at` timestamp NULL DEFAULT CURRENT_TIMESTAMP,
  PRIMARY KEY (`id`),
  KEY `user_courses_user_id_foreign` (`user_id`),
  KEY `user_courses_course_id_foreign` (`course_id`),
  CONSTRAINT `user_courses_course_id_foreign` FOREIGN KEY (`course_id`) REFERENCES `courses` (`id`) ON DELETE CASCADE,
  CONSTRAINT `user_courses_user_id_foreign` FOREIGN KEY (`user_id`) REFERENCES `users` (`id`) ON DELETE CASCADE
) ENGINE=InnoDB AUTO_INCREMENT=107 DEFAULT CHARSET=utf8mb4 COLLATE=utf8mb4_unicode_ci;
/*!40101 SET character_set_client = @saved_cs_client */;

--
-- Dumping data for table `user_courses`
--

LOCK TABLES `user_courses` WRITE;
/*!40000 ALTER TABLE `user_courses` DISABLE KEYS */;
INSERT INTO `user_courses` VALUES (60,165,825,NULL,'2021-12-09 08:42:14','2021-12-09 08:42:14'),(70,167,824,NULL,'2021-12-10 06:14:50','2021-12-10 06:14:50'),(71,167,825,NULL,'2021-12-10 06:14:50','2021-12-10 06:14:50'),(72,167,826,NULL,'2021-12-10 06:14:50','2021-12-10 06:14:50'),(73,167,827,NULL,'2021-12-10 06:14:50','2021-12-10 06:14:50'),(74,167,828,NULL,'2021-12-10 06:14:50','2021-12-10 06:14:50'),(75,167,829,NULL,'2021-12-10 06:14:50','2021-12-10 06:14:50'),(76,167,830,NULL,'2021-12-10 06:14:50','2021-12-10 06:14:50'),(77,167,832,NULL,'2021-12-10 06:14:50','2021-12-10 06:14:50'),(79,167,835,NULL,'2021-12-10 06:14:50','2021-12-10 06:14:50'),(81,166,837,NULL,'2021-12-10 06:42:00','2021-12-10 06:42:00'),(93,165,833,NULL,'2021-12-10 19:02:58','2021-12-10 19:02:58'),(94,166,833,NULL,'2021-12-10 19:02:58','2021-12-10 19:02:58'),(95,167,833,NULL,'2021-12-10 19:02:58','2021-12-10 19:02:58'),(96,168,833,NULL,'2021-12-10 19:02:58','2021-12-10 19:02:58'),(97,169,833,NULL,'2021-12-10 19:02:58','2021-12-10 19:02:58'),(98,170,833,NULL,'2021-12-10 19:02:58','2021-12-10 19:02:58'),(99,171,833,NULL,'2021-12-10 19:02:58','2021-12-10 19:02:58'),(100,165,834,NULL,'2021-12-11 05:07:02','2021-12-11 05:07:02'),(101,166,834,NULL,'2021-12-11 05:07:02','2021-12-11 05:07:02'),(102,167,834,NULL,'2021-12-11 05:07:02','2021-12-11 05:07:02'),(103,168,834,NULL,'2021-12-11 05:07:02','2021-12-11 05:07:02'),(104,169,834,NULL,'2021-12-11 05:07:02','2021-12-11 05:07:02'),(105,170,834,NULL,'2021-12-11 05:07:02','2021-12-11 05:07:02'),(106,171,834,NULL,'2021-12-11 05:07:02','2021-12-11 05:07:02');
/*!40000 ALTER TABLE `user_courses` ENABLE KEYS */;
UNLOCK TABLES;

--
-- Table structure for table `user_device_tokens`
--

DROP TABLE IF EXISTS `user_device_tokens`;
/*!40101 SET @saved_cs_client     = @@character_set_client */;
/*!40101 SET character_set_client = utf8 */;
CREATE TABLE `user_device_tokens` (
  `id` bigint(20) unsigned NOT NULL AUTO_INCREMENT,
  `user_id` bigint(20) unsigned NOT NULL,
  `token` varchar(255) COLLATE utf8mb4_unicode_ci NOT NULL,
  `created_at` timestamp NULL DEFAULT NULL,
  `updated_at` timestamp NULL DEFAULT NULL,
  PRIMARY KEY (`id`),
  UNIQUE KEY `user_device_tokens_token_unique` (`token`),
  KEY `user_device_tokens_user_id_foreign` (`user_id`),
  CONSTRAINT `user_device_tokens_user_id_foreign` FOREIGN KEY (`user_id`) REFERENCES `users` (`id`) ON DELETE CASCADE
) ENGINE=InnoDB DEFAULT CHARSET=utf8mb4 COLLATE=utf8mb4_unicode_ci;
/*!40101 SET character_set_client = @saved_cs_client */;

--
-- Dumping data for table `user_device_tokens`
--

LOCK TABLES `user_device_tokens` WRITE;
/*!40000 ALTER TABLE `user_device_tokens` DISABLE KEYS */;
/*!40000 ALTER TABLE `user_device_tokens` ENABLE KEYS */;
UNLOCK TABLES;

--
-- Table structure for table `user_lessons`
--

DROP TABLE IF EXISTS `user_lessons`;
/*!40101 SET @saved_cs_client     = @@character_set_client */;
/*!40101 SET character_set_client = utf8 */;
CREATE TABLE `user_lessons` (
  `id` bigint(20) unsigned NOT NULL AUTO_INCREMENT,
  `user_id` bigint(20) unsigned NOT NULL,
  `course_id` bigint(20) unsigned NOT NULL,
  `course_category_id` bigint(20) unsigned DEFAULT NULL,
  `lesson_id` bigint(20) unsigned NOT NULL,
  `isOpened` tinyint(1) NOT NULL DEFAULT '0',
  `opened` datetime DEFAULT NULL,
  `time` int(11) NOT NULL DEFAULT '0',
  `comment` varchar(255) COLLATE utf8mb4_unicode_ci DEFAULT NULL,
  `accepted` tinyint(1) NOT NULL DEFAULT '0',
  PRIMARY KEY (`id`),
  KEY `user_lessons_user_id_foreign` (`user_id`),
  KEY `user_lessons_course_id_foreign` (`course_id`),
  KEY `user_lessons_lesson_id_foreign` (`lesson_id`),
  KEY `user_lessons_course_category_id_foreign` (`course_category_id`),
  CONSTRAINT `user_lessons_course_category_id_foreign` FOREIGN KEY (`course_category_id`) REFERENCES `course_categories` (`id`) ON DELETE CASCADE,
  CONSTRAINT `user_lessons_course_id_foreign` FOREIGN KEY (`course_id`) REFERENCES `courses` (`id`),
  CONSTRAINT `user_lessons_lesson_id_foreign` FOREIGN KEY (`lesson_id`) REFERENCES `lessons` (`id`),
  CONSTRAINT `user_lessons_user_id_foreign` FOREIGN KEY (`user_id`) REFERENCES `users` (`id`)
) ENGINE=InnoDB AUTO_INCREMENT=102 DEFAULT CHARSET=utf8mb4 COLLATE=utf8mb4_unicode_ci;
/*!40101 SET character_set_client = @saved_cs_client */;

--
-- Dumping data for table `user_lessons`
--

LOCK TABLES `user_lessons` WRITE;
/*!40000 ALTER TABLE `user_lessons` DISABLE KEYS */;
INSERT INTO `user_lessons` VALUES (93,825,165,7,541,1,'2021-12-11 11:03:47',0,NULL,0),(94,825,165,14,542,1,'2021-12-11 11:03:43',65,'ickccg',1),(101,837,166,NULL,543,1,'2021-12-10 12:45:27',0,NULL,0);
/*!40000 ALTER TABLE `user_lessons` ENABLE KEYS */;
UNLOCK TABLES;

--
-- Table structure for table `users`
--

DROP TABLE IF EXISTS `users`;
/*!40101 SET @saved_cs_client     = @@character_set_client */;
/*!40101 SET character_set_client = utf8 */;
CREATE TABLE `users` (
  `id` bigint(20) unsigned NOT NULL AUTO_INCREMENT,
  `phone` varchar(50) DEFAULT NULL,
  `name` varchar(50) DEFAULT NULL,
  `email` varchar(50) DEFAULT NULL,
  `password` varchar(50) DEFAULT NULL,
  `token` varchar(50) DEFAULT NULL,
  `device_id` varchar(50) DEFAULT NULL,
  `device_type` varchar(50) DEFAULT NULL,
  `is_admin` tinyint(4) DEFAULT '0',
  `device_token` varchar(50) DEFAULT NULL,
  `push` varchar(50) DEFAULT NULL,
  `last_login` datetime DEFAULT NULL,
  `created_at` timestamp NULL DEFAULT NULL,
  `updated_at` timestamp NULL DEFAULT NULL,
  PRIMARY KEY (`id`)
) ENGINE=InnoDB AUTO_INCREMENT=838 DEFAULT CHARSET=utf8mb4;
/*!40101 SET character_set_client = @saved_cs_client */;

--
-- Dumping data for table `users`
--

LOCK TABLES `users` WRITE;
/*!40000 ALTER TABLE `users` DISABLE KEYS */;
INSERT INTO `users` VALUES (824,'-','test','test','1234','SvIejXAkjphxNdJyKkTFOx1y0pJVPx','6,2',NULL,0,NULL,NULL,'2021-11-03 15:37:23','2021-11-03 06:47:33','2021-11-12 06:24:39'),(825,'-','ali','ali','1234','ahw3CiM7I9IeRePyrdUaAr9vIHmvYJ','21',NULL,0,NULL,NULL,'2021-12-08 17:38:43','2021-11-04 06:24:03','2021-12-08 11:38:43'),(826,'-','smth','smth','1234','mqzMRZYVB3pCyBYD74w0h8CI4QHzqu',NULL,NULL,0,NULL,NULL,NULL,'2021-11-12 06:26:23','2021-11-12 06:26:31'),(827,NULL,'Incom','Incom','1234','umwIpwCzMZO1YNY9QG37K85bAKN6Bm','7',NULL,0,NULL,NULL,'2021-11-12 15:06:30','2021-11-12 09:05:03','2021-11-12 09:06:30'),(828,'-','test','87071112233','1234','uoDQIQsGNNtsDczcYVpxNx8Ny02I2k',NULL,NULL,0,NULL,NULL,NULL,'2021-11-25 10:19:44','2021-11-25 10:21:08'),(829,'Номер Телефона (Без +7 и 8)','ФИО','login','Пароль','kZcaR9chM2QHoJY2WmVRFu6rS7oxfK',NULL,NULL,0,NULL,NULL,NULL,'2021-11-25 10:24:04','2021-11-25 10:24:04'),(830,'-','Али','7073256065','1203','FiPap3y3crd083VYMEnrZRkhEiSh8V','24',NULL,0,NULL,NULL,'2021-11-26 20:21:56','2021-11-25 10:24:04','2021-11-26 14:21:56'),(832,NULL,'test','1234','1234','Z5Ep7pN0BmAIxeJGsElQJHEk4BCCVp','22,0',NULL,0,NULL,NULL,'2021-11-25 19:14:47','2021-11-25 13:14:07','2021-11-25 13:17:35'),(833,'-','Нургуль Мырзахметова','87073941794','qwe123','v6K6BD81kRXhC9qlbDsDaOCfB9dOiB','22,43',NULL,0,NULL,NULL,'2021-11-30 20:33:42','2021-11-30 14:33:20','2021-12-09 07:48:44'),(834,'-','you','you','1234','URqUFmE4vQkvSBLAcdFR6q5uNw2UUY','2',NULL,0,NULL,NULL,'2021-12-11 11:09:09','2021-12-06 12:07:41','2021-12-11 05:09:09'),(835,'-','Test','testtest','test1234','mVEODtV2VZeck70TDtHrCfPGaPT2Qa','bgrgkifdug23gku,xjnj41ffibkbjzv',NULL,0,NULL,NULL,'2021-12-07 15:30:36','2021-12-07 09:30:13','2021-12-08 12:00:41'),(836,NULL,'Нурсултан','Нурсултан','87773760854','Yyw8WnnSFY5RaY8yMyTC5abcoB4FEL',NULL,NULL,0,NULL,NULL,NULL,'2021-12-10 06:19:18','2021-12-10 06:19:18'),(837,NULL,'Мадина','87027309934','123456','bbFilpihUzbfMCxPloIebwBqePynJH','24',NULL,0,NULL,NULL,'2021-12-10 12:42:38','2021-12-10 06:42:00','2021-12-10 06:42:38');
/*!40000 ALTER TABLE `users` ENABLE KEYS */;
UNLOCK TABLES;
/*!40103 SET TIME_ZONE=@OLD_TIME_ZONE */;

/*!40101 SET SQL_MODE=@OLD_SQL_MODE */;
/*!40014 SET FOREIGN_KEY_CHECKS=@OLD_FOREIGN_KEY_CHECKS */;
/*!40014 SET UNIQUE_CHECKS=@OLD_UNIQUE_CHECKS */;
/*!40101 SET CHARACTER_SET_CLIENT=@OLD_CHARACTER_SET_CLIENT */;
/*!40101 SET CHARACTER_SET_RESULTS=@OLD_CHARACTER_SET_RESULTS */;
/*!40101 SET COLLATION_CONNECTION=@OLD_COLLATION_CONNECTION */;
/*!40111 SET SQL_NOTES=@OLD_SQL_NOTES */;

-- Dump completed on 2021-12-11 16:49:43
